produto;sexo;idade_atingida;resgate_por_1mm;n_estudos;dispersao_pct
ICATU_HORIZONTE_WL10;M;28;286018.66;1;0.0000
ICATU_HORIZONTE_WL10;M;29;293376.15;2;0.0000
ICATU_HORIZONTE_WL10;M;30;300959.63;3;0.0000
ICATU_HORIZONTE_WL10;M;31;308769.62;4;0.0000
ICATU_HORIZONTE_WL10;M;32;316792.20;5;0.0000
ICATU_HORIZONTE_WL10;M;33;325035.73;6;0.0000
ICATU_HORIZONTE_WL10;M;34;333486.84;7;0.0000
ICATU_HORIZONTE_WL10;M;35;342147.37;8;0.0000
ICATU_HORIZONTE_WL10;M;36;351012.05;9;0.0000
ICATU_HORIZONTE_WL10;M;37;360076.34;10;0.0000
ICATU_HORIZONTE_WL10;M;38;369329.43;11;0.0000
ICATU_HORIZONTE_WL10;M;39;378768.02;12;0.0000
ICATU_HORIZONTE_WL10;M;40;388382.53;13;0.0000
ICATU_HORIZONTE_WL10;M;41;398170.82;14;0.0000
ICATU_HORIZONTE_WL10;M;42;408118.32;15;0.0000
ICATU_HORIZONTE_WL10;M;43;418237.14;16;0.0000
ICATU_HORIZONTE_WL10;M;44;428513.78;17;0.0000
ICATU_HORIZONTE_WL10;M;45;438955.39;18;0.0000
ICATU_HORIZONTE_WL10;M;46;449550.75;19;0.0000
ICATU_HORIZONTE_WL10;M;47;460308.53;20;0.0000
ICATU_HORIZONTE_WL10;M;48;471225.48;21;0.0000
ICATU_HORIZONTE_WL10;M;49;482305.88;22;0.0000
ICATU_HORIZONTE_WL10;M;50;493537.86;23;0.0000
ICATU_HORIZONTE_WL10;M;51;504923.23;24;0.0000
ICATU_HORIZONTE_WL10;M;52;516431.93;25;0.0000
ICATU_HORIZONTE_WL10;M;53;528049.27;26;0.0000
ICATU_HORIZONTE_WL10;M;54;539751.48;27;0.0000
ICATU_HORIZONTE_WL10;M;55;551513.10;28;0.4260
ICATU_HORIZONTE_WL10;M;56;563331.78;29;0.8895
ICATU_HORIZONTE_WL10;M;57;575195.85;30;1.3863
ICATU_HORIZONTE_WL10;M;58;587116.20;31;1.9153
ICATU_HORIZONTE_WL10;M;59;599089.97;32;2.4803
ICATU_HORIZONTE_WL10;M;60;611113.93;33;3.0796
ICATU_HORIZONTE_WL10;M;61;623166.26;34;3.7191
ICATU_HORIZONTE_WL10;M;62;635223.11;35;4.3946
ICATU_HORIZONTE_WL10;M;63;647249.42;36;5.1082
ICATU_HORIZONTE_WL10;M;64;659205.33;37;5.8603
ICATU_HORIZONTE_WL10;M;65;671062.49;38;6.6492
ICATU_HORIZONTE_WL10;M;66;682801.62;39;7.4801
ICATU_HORIZONTE_WL10;M;67;694427.27;40;8.3530
ICATU_HORIZONTE_WL10;M;68;705942.44;41;9.2753
ICATU_HORIZONTE_WL10;M;69;717355.98;42;10.2504
ICATU_HORIZONTE_WL10;M;70;728658.26;43;11.2834
ICATU_HORIZONTE_WL10;M;71;739807.43;44;12.3774
ICATU_HORIZONTE_WL10;M;72;750749.41;45;13.5360
ICATU_HORIZONTE_WL10;M;73;761411.37;46;14.7616
ICATU_HORIZONTE_WL10;M;74;771714.05;47;16.0559
ICATU_HORIZONTE_WL10;M;75;781617.46;48;17.4201
ICATU_HORIZONTE_WL10;M;76;791116.35;49;18.8556
ICATU_HORIZONTE_WL10;M;77;800235.20;50;19.9765
ICATU_HORIZONTE_WL10;M;78;809020.81;51;19.0979
ICATU_HORIZONTE_WL10;M;79;817535.15;52;18.2465
ICATU_HORIZONTE_WL10;M;80;825797.85;53;17.4202
ICATU_HORIZONTE_WL10;M;81;836328.68;54;16.6216
ICATU_HORIZONTE_WL10;M;82;846692.02;55;15.8549
ICATU_HORIZONTE_WL10;M;83;857029.92;56;15.1284
ICATU_HORIZONTE_WL10;M;84;867070.49;57;14.4496
ICATU_HORIZONTE_WL10;M;85;877017.15;58;13.8190
ICATU_HORIZONTE_WL10;M;86;883336.26;58;13.2327
ICATU_HORIZONTE_WL10;M;87;889303.26;58;12.6830
ICATU_HORIZONTE_WL10;M;88;895008.31;58;12.1609
ICATU_HORIZONTE_WL10;M;89;900558.50;58;11.6557
ICATU_HORIZONTE_WL10;M;90;906072.83;58;11.1556
ICATU_HORIZONTE_WL10;M;91;911681.39;58;10.6477
ICATU_HORIZONTE_WL10;M;92;917534.76;58;10.1168
ICATU_HORIZONTE_WL10;M;93;923797.77;58;9.5466
ICATU_HORIZONTE_WL10;M;94;930650.93;58;8.9191
ICATU_HORIZONTE_WL10;M;95;938092.02;58;8.2345
ICATU_HORIZONTE_WL10;M;96;945930.95;58;7.5119
ICATU_HORIZONTE_WL10;M;97;953613.23;58;6.8068
ICATU_HORIZONTE_WL10;M;98;960220.45;58;6.2112
ICATU_HORIZONTE_WL10;M;99;965845.09;58;5.7157
ICATU_HORIZONTE_WL10;M;100;1000000.00;58;0.0000
ICATU_HORIZONTE_WL10;F;28;252651.11;1;0.0000
ICATU_HORIZONTE_WL10;F;29;259279.91;2;0.0000
ICATU_HORIZONTE_WL10;F;30;266086.27;3;0.0000
ICATU_HORIZONTE_WL10;F;31;273068.66;4;0.0000
ICATU_HORIZONTE_WL10;F;32;280233.55;5;0.0000
ICATU_HORIZONTE_WL10;F;33;287587.40;6;0.0000
ICATU_HORIZONTE_WL10;F;34;295136.90;7;0.0000
ICATU_HORIZONTE_WL10;F;35;302866.92;8;0.0000
ICATU_HORIZONTE_WL10;F;36;310792.45;9;0.0000
ICATU_HORIZONTE_WL10;F;37;318891.70;10;0.0000
ICATU_HORIZONTE_WL10;F;38;327158.79;11;0.0000
ICATU_HORIZONTE_WL10;F;39;335587.68;12;0.0000
ICATU_HORIZONTE_WL10;F;40;344165.72;13;0.0000
ICATU_HORIZONTE_WL10;F;41;352887.93;14;0.0000
ICATU_HORIZONTE_WL10;F;42;361749.47;15;0.0000
ICATU_HORIZONTE_WL10;F;43;370752.71;16;0.0000
ICATU_HORIZONTE_WL10;F;44;379913.52;17;0.0000
ICATU_HORIZONTE_WL10;F;45;389234.33;18;0.0000
ICATU_HORIZONTE_WL10;F;46;398718.69;19;0.0000
ICATU_HORIZONTE_WL10;F;47;408377.08;20;0.0000
ICATU_HORIZONTE_WL10;F;48;418213.82;21;0.0000
ICATU_HORIZONTE_WL10;F;49;428221.72;22;0.0000
ICATU_HORIZONTE_WL10;F;50;438401.21;23;0.0000
ICATU_HORIZONTE_WL10;F;51;448747.15;24;0.0000
ICATU_HORIZONTE_WL10;F;52;459261.60;25;0.0000
ICATU_HORIZONTE_WL10;F;53;469935.48;26;0.0000
ICATU_HORIZONTE_WL10;F;54;480750.20;27;0.0000
ICATU_HORIZONTE_WL10;F;55;491717.57;28;0.0000
ICATU_HORIZONTE_WL10;F;56;502842.87;29;0.0000
ICATU_HORIZONTE_WL10;F;57;514143.74;30;0.0000
ICATU_HORIZONTE_WL10;F;58;525648.53;31;0.2126
ICATU_HORIZONTE_WL10;F;59;537385.42;32;0.5290
ICATU_HORIZONTE_WL10;F;60;549357.77;33;0.8446
ICATU_HORIZONTE_WL10;F;61;561557.79;34;1.1591
ICATU_HORIZONTE_WL10;F;62;573947.22;35;1.4800
ICATU_HORIZONTE_WL10;F;63;586475.84;36;1.8128
ICATU_HORIZONTE_WL10;F;64;599072.31;37;2.1630
ICATU_HORIZONTE_WL10;F;65;611701.54;38;2.5415
ICATU_HORIZONTE_WL10;F;66;624357.14;39;2.9532
ICATU_HORIZONTE_WL10;F;67;637051.03;40;3.4053
ICATU_HORIZONTE_WL10;F;68;649817.33;41;3.9058
ICATU_HORIZONTE_WL10;F;69;662706.46;42;4.4613
ICATU_HORIZONTE_WL10;F;70;675717.74;43;5.0769
ICATU_HORIZONTE_WL10;F;71;688816.98;44;5.7584
ICATU_HORIZONTE_WL10;F;72;701933.30;45;6.5061
ICATU_HORIZONTE_WL10;F;73;714962.05;46;7.3204
ICATU_HORIZONTE_WL10;F;74;727794.87;47;8.1953
ICATU_HORIZONTE_WL10;F;75;740351.37;48;9.1339
ICATU_HORIZONTE_WL10;F;76;752594.43;49;10.1457
ICATU_HORIZONTE_WL10;F;77;764516.13;50;11.2453
ICATU_HORIZONTE_WL10;F;78;776139.50;51;12.4524
ICATU_HORIZONTE_WL10;F;79;787492.72;52;13.7930
ICATU_HORIZONTE_WL10;F;80;798573.25;53;15.2814
ICATU_HORIZONTE_WL10;F;81;809335.53;54;16.9229
ICATU_HORIZONTE_WL10;F;82;819709.41;55;18.0291
ICATU_HORIZONTE_WL10;F;83;829606.47;56;17.0394
ICATU_HORIZONTE_WL10;F;84;838941.54;57;16.1058
ICATU_HORIZONTE_WL10;F;85;847700.73;58;15.2299
ICATU_HORIZONTE_WL10;F;86;855904.77;58;14.4095
ICATU_HORIZONTE_WL10;F;87;863602.25;58;13.6398
ICATU_HORIZONTE_WL10;F;88;870861.27;58;12.9139
ICATU_HORIZONTE_WL10;F;89;877766.30;58;12.2234
ICATU_HORIZONTE_WL10;F;90;884413.37;58;11.5587
ICATU_HORIZONTE_WL10;F;91;890912.94;58;10.9087
ICATU_HORIZONTE_WL10;F;92;897394.53;58;10.2605
ICATU_HORIZONTE_WL10;F;93;904000.93;58;9.5999
ICATU_HORIZONTE_WL10;F;94;910883.73;58;8.9116
ICATU_HORIZONTE_WL10;F;95;918100.92;58;8.1899
ICATU_HORIZONTE_WL10;F;96;925481.47;58;7.4519
ICATU_HORIZONTE_WL10;F;97;932501.35;58;6.7499
ICATU_HORIZONTE_WL10;F;98;938292.62;58;6.1707
ICATU_HORIZONTE_WL10;F;99;943020.09;58;5.6980
ICATU_HORIZONTE_WL10;F;100;1000000.00;58;0.0000
MAG_WL_INTEGRAL_10;M;26;278047.77;1;0.0000
MAG_WL_INTEGRAL_10;M;27;284210.55;2;0.0000
MAG_WL_INTEGRAL_10;M;28;290543.33;3;0.0000
MAG_WL_INTEGRAL_10;M;29;297051.84;4;0.0000
MAG_WL_INTEGRAL_10;M;30;303719.99;5;0.0000
MAG_WL_INTEGRAL_10;M;31;310549.97;6;0.0000
MAG_WL_INTEGRAL_10;M;32;317542.68;7;0.0000
MAG_WL_INTEGRAL_10;M;33;324699.15;8;0.0000
MAG_WL_INTEGRAL_10;M;34;332014.95;9;0.0000
MAG_WL_INTEGRAL_10;M;35;339500.43;10;0.0000
MAG_WL_INTEGRAL_10;M;36;347158.51;11;0.0000
MAG_WL_INTEGRAL_10;M;37;354984.11;12;0.0000
MAG_WL_INTEGRAL_10;M;38;362959.72;13;0.0000
MAG_WL_INTEGRAL_10;M;39;371106.60;14;0.0000
MAG_WL_INTEGRAL_10;M;40;379434.24;15;0.0000
MAG_WL_INTEGRAL_10;M;41;387932.96;16;0.0000
MAG_WL_INTEGRAL_10;M;42;396590.31;17;0.0000
MAG_WL_INTEGRAL_10;M;43;405392.50;18;0.0000
MAG_WL_INTEGRAL_10;M;44;414360.19;19;0.0000
MAG_WL_INTEGRAL_10;M;45;423489.15;20;0.0000
MAG_WL_INTEGRAL_10;M;46;432780.99;21;0.0000
MAG_WL_INTEGRAL_10;M;47;442225.97;22;0.0000
MAG_WL_INTEGRAL_10;M;48;451817.89;23;0.0000
MAG_WL_INTEGRAL_10;M;49;461531.93;24;0.0000
MAG_WL_INTEGRAL_10;M;50;471386.78;25;0.0000
MAG_WL_INTEGRAL_10;M;51;481325.23;26;0.0000
MAG_WL_INTEGRAL_10;M;52;491343.24;27;0.0000
MAG_WL_INTEGRAL_10;M;53;501425.49;28;0.0000
MAG_WL_INTEGRAL_10;M;54;511572.28;29;0.0000
MAG_WL_INTEGRAL_10;M;55;521841.71;30;0.0000
MAG_WL_INTEGRAL_10;M;56;532178.72;31;0.0000
MAG_WL_INTEGRAL_10;M;57;542611.24;32;0.0000
MAG_WL_INTEGRAL_10;M;58;553105.35;33;0.0000
MAG_WL_INTEGRAL_10;M;59;563720.38;34;0.0000
MAG_WL_INTEGRAL_10;M;60;574354.16;35;0.0000
MAG_WL_INTEGRAL_10;M;61;585036.92;36;0.0000
MAG_WL_INTEGRAL_10;M;62;595752.72;37;0.0000
MAG_WL_INTEGRAL_10;M;63;606572.14;38;0.0000
MAG_WL_INTEGRAL_10;M;64;617442.43;39;0.0000
MAG_WL_INTEGRAL_10;M;65;628333.64;40;0.0000
MAG_WL_INTEGRAL_10;M;66;639289.09;41;0.0000
MAG_WL_INTEGRAL_10;M;67;650309.69;42;0.0000
MAG_WL_INTEGRAL_10;M;68;661455.75;43;0.0000
MAG_WL_INTEGRAL_10;M;69;672618.29;44;0.0000
MAG_WL_INTEGRAL_10;M;70;683859.01;45;0.0000
MAG_WL_INTEGRAL_10;M;71;695070.98;46;0.0000
MAG_WL_INTEGRAL_10;M;72;706188.24;47;0.0000
MAG_WL_INTEGRAL_10;M;73;717100.63;48;0.0000
MAG_WL_INTEGRAL_10;M;74;727764.19;49;0.0000
MAG_WL_INTEGRAL_10;M;75;738244.55;50;0.0000
MAG_WL_INTEGRAL_10;M;76;748816.60;51;0.0000
MAG_WL_INTEGRAL_10;M;77;759272.92;52;0.0000
MAG_WL_INTEGRAL_10;M;78;769574.16;53;0.0000
MAG_WL_INTEGRAL_10;M;79;779582.36;54;0.0000
MAG_WL_INTEGRAL_10;M;80;789578.92;55;0.0000
MAG_WL_INTEGRAL_10;M;81;799216.39;56;0.0000
MAG_WL_INTEGRAL_10;M;82;808575.80;57;0.0000
MAG_WL_INTEGRAL_10;M;83;817553.95;58;0.0000
MAG_WL_INTEGRAL_10;M;84;826356.21;59;0.0000
MAG_WL_INTEGRAL_10;M;85;834972.40;60;0.0000
MAG_WL_INTEGRAL_10;M;86;843096.47;61;0.0000
MAG_WL_INTEGRAL_10;M;87;850898.86;62;0.0000
MAG_WL_INTEGRAL_10;M;88;858119.79;63;0.0000
MAG_WL_INTEGRAL_10;M;89;865141.63;64;0.0000
MAG_WL_INTEGRAL_10;M;90;871512.28;65;0.0000
MAG_WL_INTEGRAL_10;M;91;877813.35;65;0.0000
MAG_WL_INTEGRAL_10;M;92;884126.25;65;0.0000
MAG_WL_INTEGRAL_10;M;93;890213.97;65;0.0000
MAG_WL_INTEGRAL_10;M;94;896076.62;65;0.0000
MAG_WL_INTEGRAL_10;M;95;901714.69;65;0.0000
MAG_WL_INTEGRAL_10;M;96;907129.39;65;0.0000
MAG_WL_INTEGRAL_10;M;97;912322.50;65;0.0000
MAG_WL_INTEGRAL_10;M;98;917296.40;65;0.0000
MAG_WL_INTEGRAL_10;M;99;922054.04;65;0.0000
MAG_WL_INTEGRAL_10;M;100;926598.81;65;0.0000
MAG_WL_INTEGRAL_10;F;26;248567.00;1;0.0000
MAG_WL_INTEGRAL_10;F;27;254462.08;2;0.0000
MAG_WL_INTEGRAL_10;F;28;260496.84;3;0.0000
MAG_WL_INTEGRAL_10;F;29;266668.71;4;0.0000
MAG_WL_INTEGRAL_10;F;30;272980.71;5;0.0000
MAG_WL_INTEGRAL_10;F;31;279433.60;6;0.0000
MAG_WL_INTEGRAL_10;F;32;286031.35;7;0.0000
MAG_WL_INTEGRAL_10;F;33;292775.02;8;0.0000
MAG_WL_INTEGRAL_10;F;34;299662.76;9;0.0000
MAG_WL_INTEGRAL_10;F;35;306695.87;10;0.0000
MAG_WL_INTEGRAL_10;F;36;313875.79;11;0.0000
MAG_WL_INTEGRAL_10;F;37;321211.37;12;0.0000
MAG_WL_INTEGRAL_10;F;38;328703.66;13;0.0000
MAG_WL_INTEGRAL_10;F;39;336353.88;14;0.0000
MAG_WL_INTEGRAL_10;F;40;344157.11;15;0.0000
MAG_WL_INTEGRAL_10;F;41;352108.70;16;0.0000
MAG_WL_INTEGRAL_10;F;42;360198.76;17;0.0000
MAG_WL_INTEGRAL_10;F;43;368431.31;18;0.0000
MAG_WL_INTEGRAL_10;F;44;376810.58;19;0.0000
MAG_WL_INTEGRAL_10;F;45;385345.61;20;0.0000
MAG_WL_INTEGRAL_10;F;46;394035.85;21;0.0000
MAG_WL_INTEGRAL_10;F;47;402879.81;22;0.0000
MAG_WL_INTEGRAL_10;F;48;411861.85;23;0.0000
MAG_WL_INTEGRAL_10;F;49;420975.66;24;0.0000
MAG_WL_INTEGRAL_10;F;50;430218.54;25;0.0000
MAG_WL_INTEGRAL_10;F;51;439600.85;26;0.0000
MAG_WL_INTEGRAL_10;F;52;449125.54;27;0.0000
MAG_WL_INTEGRAL_10;F;53;458808.12;28;0.0000
MAG_WL_INTEGRAL_10;F;54;468648.30;29;0.0000
MAG_WL_INTEGRAL_10;F;55;478637.94;30;0.0000
MAG_WL_INTEGRAL_10;F;56;488757.12;31;0.0000
MAG_WL_INTEGRAL_10;F;57;498997.94;32;0.0000
MAG_WL_INTEGRAL_10;F;58;509356.13;33;0.0000
MAG_WL_INTEGRAL_10;F;59;519826.81;34;0.0000
MAG_WL_INTEGRAL_10;F;60;530406.13;35;0.0000
MAG_WL_INTEGRAL_10;F;61;541081.92;36;0.0000
MAG_WL_INTEGRAL_10;F;62;551859.46;37;0.0000
MAG_WL_INTEGRAL_10;F;63;562733.13;38;0.0000
MAG_WL_INTEGRAL_10;F;64;573724.97;39;0.0000
MAG_WL_INTEGRAL_10;F;65;584832.77;40;0.0000
MAG_WL_INTEGRAL_10;F;66;596079.44;41;0.0000
MAG_WL_INTEGRAL_10;F;67;607451.10;42;0.0000
MAG_WL_INTEGRAL_10;F;68;618951.16;43;0.0000
MAG_WL_INTEGRAL_10;F;69;630553.69;44;0.0000
MAG_WL_INTEGRAL_10;F;70;642260.82;45;0.0000
MAG_WL_INTEGRAL_10;F;71;654052.31;46;0.0000
MAG_WL_INTEGRAL_10;F;72;665942.03;47;0.0000
MAG_WL_INTEGRAL_10;F;73;677903.43;48;0.0000
MAG_WL_INTEGRAL_10;F;74;689949.69;49;0.0000
MAG_WL_INTEGRAL_10;F;75;701961.11;50;0.0000
MAG_WL_INTEGRAL_10;F;76;713936.89;51;0.0000
MAG_WL_INTEGRAL_10;F;77;725827.67;52;0.0000
MAG_WL_INTEGRAL_10;F;78;737714.40;53;0.0000
MAG_WL_INTEGRAL_10;F;79;749511.10;54;0.0000
MAG_WL_INTEGRAL_10;F;80;761196.00;55;0.0000
MAG_WL_INTEGRAL_10;F;81;772701.24;56;0.0000
MAG_WL_INTEGRAL_10;F;82;783962.37;57;0.0000
MAG_WL_INTEGRAL_10;F;83;794900.36;58;0.0000
MAG_WL_INTEGRAL_10;F;84;805513.43;59;0.0000
MAG_WL_INTEGRAL_10;F;85;815854.03;60;0.0000
MAG_WL_INTEGRAL_10;F;86;825825.00;61;0.0000
MAG_WL_INTEGRAL_10;F;87;835418.63;62;0.0000
MAG_WL_INTEGRAL_10;F;88;844679.93;63;0.0000
MAG_WL_INTEGRAL_10;F;89;853743.41;64;0.0000
MAG_WL_INTEGRAL_10;F;90;862518.96;65;0.0000
MAG_WL_INTEGRAL_10;F;91;870933.76;65;0.0000
MAG_WL_INTEGRAL_10;F;92;879050.92;65;0.0000
MAG_WL_INTEGRAL_10;F;93;886778.35;65;0.0000
MAG_WL_INTEGRAL_10;F;94;893942.75;65;0.0000
MAG_WL_INTEGRAL_10;F;95;900761.65;65;0.0000
MAG_WL_INTEGRAL_10;F;96;907115.00;65;0.0000
MAG_WL_INTEGRAL_10;F;97;912929.12;65;0.0000
MAG_WL_INTEGRAL_10;F;98;918267.88;65;0.0000
MAG_WL_INTEGRAL_10;F;99;923216.87;65;0.0000
MAG_WL_INTEGRAL_10;F;100;927664.38;65;0.0000
METLIFE_VIDA_TOTAL_10;M;28;274639.24;1;0.0000
METLIFE_VIDA_TOTAL_10;M;29;281822.74;2;0.0000
METLIFE_VIDA_TOTAL_10;M;30;289232.42;3;0.0000
METLIFE_VIDA_TOTAL_10;M;31;296868.21;4;0.0000
METLIFE_VIDA_TOTAL_10;M;32;304723.15;5;0.0000
METLIFE_VIDA_TOTAL_10;M;33;312797.60;6;0.0000
METLIFE_VIDA_TOTAL_10;M;34;321085.26;7;0.0000
METLIFE_VIDA_TOTAL_10;M;35;329587.00;8;0.0000
METLIFE_VIDA_TOTAL_10;M;36;338304.04;9;0.0000
METLIFE_VIDA_TOTAL_10;M;37;347237.97;10;0.0000
METLIFE_VIDA_TOTAL_10;M;38;356377.51;11;0.0000
METLIFE_VIDA_TOTAL_10;M;39;365724.98;12;0.0000
METLIFE_VIDA_TOTAL_10;M;40;375283.11;13;0.0000
METLIFE_VIDA_TOTAL_10;M;41;385042.46;14;0.0000
METLIFE_VIDA_TOTAL_10;M;42;395006.73;15;0.0000
METLIFE_VIDA_TOTAL_10;M;43;405180.11;16;0.0000
METLIFE_VIDA_TOTAL_10;M;44;415561.37;17;0.0000
METLIFE_VIDA_TOTAL_10;M;45;426149.99;18;0.0000
METLIFE_VIDA_TOTAL_10;M;46;436940.41;19;0.0000
METLIFE_VIDA_TOTAL_10;M;47;447933.71;20;0.0000
METLIFE_VIDA_TOTAL_10;M;48;459131.83;21;0.0000
METLIFE_VIDA_TOTAL_10;M;49;470532.18;22;0.0000
METLIFE_VIDA_TOTAL_10;M;50;482133.31;23;0.0000
METLIFE_VIDA_TOTAL_10;M;51;493924.51;24;0.0000
METLIFE_VIDA_TOTAL_10;M;52;505891.58;25;0.0000
METLIFE_VIDA_TOTAL_10;M;53;518017.21;26;0.0000
METLIFE_VIDA_TOTAL_10;M;54;530281.42;27;0.0000
METLIFE_VIDA_TOTAL_10;M;55;542671.42;28;0.0000
METLIFE_VIDA_TOTAL_10;M;56;555172.22;29;0.0000
METLIFE_VIDA_TOTAL_10;M;57;567776.01;30;0.0000
METLIFE_VIDA_TOTAL_10;M;58;580486.37;31;0.0000
METLIFE_VIDA_TOTAL_10;M;59;593287.94;32;0.0000
METLIFE_VIDA_TOTAL_10;M;60;606160.60;33;0.0000
METLIFE_VIDA_TOTAL_10;M;61;619084.24;34;0.0000
METLIFE_VIDA_TOTAL_10;M;62;632039.28;35;0.0000
METLIFE_VIDA_TOTAL_10;M;63;644984.55;36;0.0000
METLIFE_VIDA_TOTAL_10;M;64;657885.12;37;0.0000
METLIFE_VIDA_TOTAL_10;M;65;670715.81;38;0.0000
METLIFE_VIDA_TOTAL_10;M;66;683460.94;39;0.0000
METLIFE_VIDA_TOTAL_10;M;67;696114.10;40;0.0000
METLIFE_VIDA_TOTAL_10;M;68;708677.98;41;0.0000
METLIFE_VIDA_TOTAL_10;M;69;721146.17;42;0.0000
METLIFE_VIDA_TOTAL_10;M;70;733496.27;43;0.0000
METLIFE_VIDA_TOTAL_10;M;71;745686.72;44;0.0000
METLIFE_VIDA_TOTAL_10;M;72;757662.32;45;0.0000
METLIFE_VIDA_TOTAL_10;M;73;769348.34;46;0.0000
METLIFE_VIDA_TOTAL_10;M;74;780684.57;47;0.0000
METLIFE_VIDA_TOTAL_10;M;75;791642.41;48;0.0000
METLIFE_VIDA_TOTAL_10;M;76;802228.69;49;0.0000
METLIFE_VIDA_TOTAL_10;M;77;812467.84;50;0.0000
METLIFE_VIDA_TOTAL_10;M;78;822401.54;51;0.0000
METLIFE_VIDA_TOTAL_10;M;79;832071.26;52;0.0000
METLIFE_VIDA_TOTAL_10;M;80;841486.24;53;0.0000
METLIFE_VIDA_TOTAL_10;M;81;850623.93;54;0.0000
METLIFE_VIDA_TOTAL_10;M;82;859436.18;55;0.0000
METLIFE_VIDA_TOTAL_10;M;83;867854.68;56;0.0000
METLIFE_VIDA_TOTAL_10;M;84;875826.83;57;0.0000
METLIFE_VIDA_TOTAL_10;M;85;883338.42;58;0.0000
METLIFE_VIDA_TOTAL_10;M;86;890418.77;58;0.0000
METLIFE_VIDA_TOTAL_10;M;87;897123.77;58;0.0000
METLIFE_VIDA_TOTAL_10;M;88;903545.04;58;0.0000
METLIFE_VIDA_TOTAL_10;M;89;909799.12;58;0.0000
METLIFE_VIDA_TOTAL_10;M;90;916008.30;58;0.0000
METLIFE_VIDA_TOTAL_10;M;91;922316.59;58;0.0000
METLIFE_VIDA_TOTAL_10;M;92;928900.08;58;0.0000
METLIFE_VIDA_TOTAL_10;M;93;935981.36;58;0.0000
METLIFE_VIDA_TOTAL_10;M;94;943786.08;58;0.0000
METLIFE_VIDA_TOTAL_10;M;95;952461.81;58;0.0000
METLIFE_VIDA_TOTAL_10;M;96;962054.75;58;0.0000
METLIFE_VIDA_TOTAL_10;M;97;972477.75;58;0.0000
METLIFE_VIDA_TOTAL_10;M;98;983750.41;58;0.0000
METLIFE_VIDA_TOTAL_10;M;99;998769.14;58;0.0000
METLIFE_VIDA_TOTAL_10;F;28;250782.48;1;0.0000
METLIFE_VIDA_TOTAL_10;F;29;257412.08;2;0.0000
METLIFE_VIDA_TOTAL_10;F;30;264218.58;3;0.0000
METLIFE_VIDA_TOTAL_10;F;31;271215.50;4;0.0000
METLIFE_VIDA_TOTAL_10;F;32;278401.84;5;0.0000
METLIFE_VIDA_TOTAL_10;F;33;285784.13;6;0.0000
METLIFE_VIDA_TOTAL_10;F;34;293361.89;7;0.0000
METLIFE_VIDA_TOTAL_10;F;35;301134.89;8;0.0000
METLIFE_VIDA_TOTAL_10;F;36;309103.13;9;0.0000
METLIFE_VIDA_TOTAL_10;F;37;317252.97;10;0.0000
METLIFE_VIDA_TOTAL_10;F;38;325577.98;11;0.0000
METLIFE_VIDA_TOTAL_10;F;39;334078.93;12;0.0000
METLIFE_VIDA_TOTAL_10;F;40;342756.95;13;0.0000
METLIFE_VIDA_TOTAL_10;F;41;351600.23;14;0.0000
METLIFE_VIDA_TOTAL_10;F;42;360610.59;15;0.0000
METLIFE_VIDA_TOTAL_10;F;43;369796.71;16;0.0000
METLIFE_VIDA_TOTAL_10;F;44;379167.69;17;0.0000
METLIFE_VIDA_TOTAL_10;F;45;388733.00;18;0.0000
METLIFE_VIDA_TOTAL_10;F;46;398490.18;19;0.0000
METLIFE_VIDA_TOTAL_10;F;47;408443.47;20;0.0000
METLIFE_VIDA_TOTAL_10;F;48;418591.68;21;0.0000
METLIFE_VIDA_TOTAL_10;F;49;428940.23;22;0.0000
METLIFE_VIDA_TOTAL_10;F;50;439483.61;23;0.0000
METLIFE_VIDA_TOTAL_10;F;51;450217.24;24;0.0000
METLIFE_VIDA_TOTAL_10;F;52;461137.51;25;0.0000
METLIFE_VIDA_TOTAL_10;F;53;472230.96;26;0.0000
METLIFE_VIDA_TOTAL_10;F;54;483490.87;27;0.0000
METLIFE_VIDA_TOTAL_10;F;55;494927.52;28;0.0000
METLIFE_VIDA_TOTAL_10;F;56;506541.92;29;0.0000
METLIFE_VIDA_TOTAL_10;F;57;518351.42;30;0.0000
METLIFE_VIDA_TOTAL_10;F;58;530379.18;31;0.0000
METLIFE_VIDA_TOTAL_10;F;59;542644.40;32;0.0000
METLIFE_VIDA_TOTAL_10;F;60;555139.52;33;0.0000
METLIFE_VIDA_TOTAL_10;F;61;567845.79;34;0.0000
METLIFE_VIDA_TOTAL_10;F;62;580725.64;35;0.0000
METLIFE_VIDA_TOTAL_10;F;63;593728.78;36;0.0000
METLIFE_VIDA_TOTAL_10;F;64;606797.86;37;0.0000
METLIFE_VIDA_TOTAL_10;F;65;619909.62;38;0.0000
METLIFE_VIDA_TOTAL_10;F;66;633061.01;39;0.0000
METLIFE_VIDA_TOTAL_10;F;67;646271.72;40;0.0000
METLIFE_VIDA_TOTAL_10;F;68;659571.93;41;0.0000
METLIFE_VIDA_TOTAL_10;F;69;672987.91;42;0.0000
METLIFE_VIDA_TOTAL_10;F;70;686509.67;43;0.0000
METLIFE_VIDA_TOTAL_10;F;71;700095.59;44;0.0000
METLIFE_VIDA_TOTAL_10;F;72;713671.00;44;0.0000
METLIFE_VIDA_TOTAL_10;F;73;727142.14;45;0.0000
METLIFE_VIDA_TOTAL_10;F;74;740419.57;46;0.0000
METLIFE_VIDA_TOTAL_10;F;75;753443.15;47;0.0000
METLIFE_VIDA_TOTAL_10;F;76;766182.27;48;0.0000
METLIFE_VIDA_TOTAL_10;F;77;778643.41;49;0.0000
METLIFE_VIDA_TOTAL_10;F;78;790848.56;50;0.0000
METLIFE_VIDA_TOTAL_10;F;79;802813.01;51;0.0000
METLIFE_VIDA_TOTAL_10;F;80;814527.05;52;0.0000
METLIFE_VIDA_TOTAL_10;F;81;825947.05;53;0.0000
METLIFE_VIDA_TOTAL_10;F;82;837008.75;54;0.0000
METLIFE_VIDA_TOTAL_10;F;83;847635.69;55;0.0000
METLIFE_VIDA_TOTAL_10;F;84;857777.93;56;0.0000
METLIFE_VIDA_TOTAL_10;F;85;867421.30;57;0.0000
METLIFE_VIDA_TOTAL_10;F;86;876585.39;57;0.0000
METLIFE_VIDA_TOTAL_10;F;87;885316.20;57;0.0000
METLIFE_VIDA_TOTAL_10;F;88;893678.07;57;0.0000
METLIFE_VIDA_TOTAL_10;F;89;901755.10;57;0.0000
METLIFE_VIDA_TOTAL_10;F;90;909646.59;57;0.0000
METLIFE_VIDA_TOTAL_10;F;91;917481.33;57;0.0000
METLIFE_VIDA_TOTAL_10;F;92;925411.31;57;0.0000
METLIFE_VIDA_TOTAL_10;F;93;933618.13;57;0.0000
METLIFE_VIDA_TOTAL_10;F;94;942301.51;57;0.0000
METLIFE_VIDA_TOTAL_10;F;95;951626.82;57;0.0000
METLIFE_VIDA_TOTAL_10;F;96;961658.13;57;0.0000
METLIFE_VIDA_TOTAL_10;F;97;972333.17;57;0.0000
METLIFE_VIDA_TOTAL_10;F;98;983720.30;57;0.0000
METLIFE_VIDA_TOTAL_10;F;99;998769.14;57;0.0000
PRUDENTIAL_VIDA_INTEIRA_10;M;24;259800.00;1;0.0000
PRUDENTIAL_VIDA_INTEIRA_10;M;25;266270.00;2;0.0000
PRUDENTIAL_VIDA_INTEIRA_10;M;26;272990.00;3;0.0000
PRUDENTIAL_VIDA_INTEIRA_10;M;27;279940.00;4;0.0000
PRUDENTIAL_VIDA_INTEIRA_10;M;28;287120.00;5;0.0000
PRUDENTIAL_VIDA_INTEIRA_10;M;29;294530.00;6;0.0000
PRUDENTIAL_VIDA_INTEIRA_10;M;30;302160.00;7;0.0000
PRUDENTIAL_VIDA_INTEIRA_10;M;31;310020.00;8;0.0000
PRUDENTIAL_VIDA_INTEIRA_10;M;32;318100.00;9;0.0000
PRUDENTIAL_VIDA_INTEIRA_10;M;33;326380.00;10;0.0000
PRUDENTIAL_VIDA_INTEIRA_10;M;34;334870.00;11;0.0000
PRUDENTIAL_VIDA_INTEIRA_10;M;35;343570.00;12;0.0000
PRUDENTIAL_VIDA_INTEIRA_10;M;36;352480.00;13;0.0000
PRUDENTIAL_VIDA_INTEIRA_10;M;37;361570.00;14;0.0000
PRUDENTIAL_VIDA_INTEIRA_10;M;38;370850.00;15;0.0000
PRUDENTIAL_VIDA_INTEIRA_10;M;39;380310.00;16;0.0000
PRUDENTIAL_VIDA_INTEIRA_10;M;40;389950.00;17;0.0000
PRUDENTIAL_VIDA_INTEIRA_10;M;41;399760.00;18;0.0000
PRUDENTIAL_VIDA_INTEIRA_10;M;42;409740.00;19;0.0000
PRUDENTIAL_VIDA_INTEIRA_10;M;43;419880.00;19;0.0000
PRUDENTIAL_VIDA_INTEIRA_10;M;44;430180.00;20;0.0000
PRUDENTIAL_VIDA_INTEIRA_10;M;45;440640.00;21;0.0000
PRUDENTIAL_VIDA_INTEIRA_10;M;46;451260.00;22;0.0000
PRUDENTIAL_VIDA_INTEIRA_10;M;47;462040.00;23;0.0000
PRUDENTIAL_VIDA_INTEIRA_10;M;48;472990.00;24;0.0000
PRUDENTIAL_VIDA_INTEIRA_10;M;49;484100.00;25;0.0000
PRUDENTIAL_VIDA_INTEIRA_10;M;50;495360.00;26;0.0000
PRUDENTIAL_VIDA_INTEIRA_10;M;51;506770.00;27;0.0000
PRUDENTIAL_VIDA_INTEIRA_10;M;52;518300.00;28;0.0000
PRUDENTIAL_VIDA_INTEIRA_10;M;53;529930.00;29;0.0000
PRUDENTIAL_VIDA_INTEIRA_10;M;54;541650.00;30;0.0000
PRUDENTIAL_VIDA_INTEIRA_10;M;55;553430.00;31;0.0000
PRUDENTIAL_VIDA_INTEIRA_10;M;56;565260.00;32;0.0000
PRUDENTIAL_VIDA_INTEIRA_10;M;57;577160.00;33;0.0000
PRUDENTIAL_VIDA_INTEIRA_10;M;58;589120.00;34;0.0000
PRUDENTIAL_VIDA_INTEIRA_10;M;59;601140.00;35;0.0000
PRUDENTIAL_VIDA_INTEIRA_10;M;60;613200.00;36;0.0000
PRUDENTIAL_VIDA_INTEIRA_10;M;61;625310.00;37;0.0000
PRUDENTIAL_VIDA_INTEIRA_10;M;62;637410.00;38;0.0000
PRUDENTIAL_VIDA_INTEIRA_10;M;63;649480.00;39;0.0000
PRUDENTIAL_VIDA_INTEIRA_10;M;64;661480.00;40;0.0000
PRUDENTIAL_VIDA_INTEIRA_10;M;65;673400.00;41;0.0000
PRUDENTIAL_VIDA_INTEIRA_10;M;66;685220.00;42;0.0000
PRUDENTIAL_VIDA_INTEIRA_10;M;67;696950.00;43;0.0000
PRUDENTIAL_VIDA_INTEIRA_10;M;68;708600.00;44;0.0000
PRUDENTIAL_VIDA_INTEIRA_10;M;69;720160.00;45;0.0000
PRUDENTIAL_VIDA_INTEIRA_10;M;70;731620.00;46;0.0000
PRUDENTIAL_VIDA_INTEIRA_10;M;71;742930.00;47;0.0000
PRUDENTIAL_VIDA_INTEIRA_10;M;72;754050.00;48;0.0000
PRUDENTIAL_VIDA_INTEIRA_10;M;73;764890.00;49;0.0000
PRUDENTIAL_VIDA_INTEIRA_10;M;74;775410.00;50;0.0000
PRUDENTIAL_VIDA_INTEIRA_10;M;75;785570.00;51;0.0000
PRUDENTIAL_VIDA_INTEIRA_10;M;76;795380.00;52;0.0000
PRUDENTIAL_VIDA_INTEIRA_10;M;77;804860.00;53;0.0000
PRUDENTIAL_VIDA_INTEIRA_10;M;78;814060.00;54;0.0000
PRUDENTIAL_VIDA_INTEIRA_10;M;79;823030.00;55;0.0000
PRUDENTIAL_VIDA_INTEIRA_10;M;80;831780.00;56;0.0000
PRUDENTIAL_VIDA_INTEIRA_10;M;81;840290.00;57;54.9287
PRUDENTIAL_VIDA_INTEIRA_10;M;82;848520.00;58;54.7318
PRUDENTIAL_VIDA_INTEIRA_10;M;83;856400.00;59;54.5539
PRUDENTIAL_VIDA_INTEIRA_10;M;84;863870.00;60;54.4075
PRUDENTIAL_VIDA_INTEIRA_10;M;85;870920.00;61;54.2955
PRUDENTIAL_VIDA_INTEIRA_10;M;86;877590.00;61;51.1002
PRUDENTIAL_VIDA_INTEIRA_10;M;87;883930.00;61;48.1068
PRUDENTIAL_VIDA_INTEIRA_10;M;88;890020.00;61;45.2698
PRUDENTIAL_VIDA_INTEIRA_10;M;89;895960.00;61;42.5398
PRUDENTIAL_VIDA_INTEIRA_10;M;90;901880.00;61;39.8601
PRUDENTIAL_VIDA_INTEIRA_10;M;91;907890.00;61;37.1686
PRUDENTIAL_VIDA_INTEIRA_10;M;92;914180.00;61;34.3937
PRUDENTIAL_VIDA_INTEIRA_10;M;93;920930.00;61;31.4541
PRUDENTIAL_VIDA_INTEIRA_10;M;94;928340.00;61;28.2774
PRUDENTIAL_VIDA_INTEIRA_10;M;95;936520.00;61;24.8345
PRUDENTIAL_VIDA_INTEIRA_10;M;96;945400.00;61;21.1593
PRUDENTIAL_VIDA_INTEIRA_10;M;97;954680.00;61;17.3901
PRUDENTIAL_VIDA_INTEIRA_10;M;98;963670.00;61;13.8128
PRUDENTIAL_VIDA_INTEIRA_10;M;99;970870.00;61;10.9901
PRUDENTIAL_VIDA_INTEIRA_10;M;100;1000000.00;61;0.0000
PRUDENTIAL_VIDA_INTEIRA_10;F;24;228650.00;1;0.0000
PRUDENTIAL_VIDA_INTEIRA_10;F;25;234620.00;2;0.0000
PRUDENTIAL_VIDA_INTEIRA_10;F;26;240780.00;3;0.0000
PRUDENTIAL_VIDA_INTEIRA_10;F;27;247090.00;4;0.0000
PRUDENTIAL_VIDA_INTEIRA_10;F;28;253580.00;5;0.0000
PRUDENTIAL_VIDA_INTEIRA_10;F;29;260240.00;6;0.0000
PRUDENTIAL_VIDA_INTEIRA_10;F;30;267080.00;7;0.0000
PRUDENTIAL_VIDA_INTEIRA_10;F;31;274100.00;8;0.0000
PRUDENTIAL_VIDA_INTEIRA_10;F;32;281300.00;9;0.0000
PRUDENTIAL_VIDA_INTEIRA_10;F;33;288700.00;10;0.0000
PRUDENTIAL_VIDA_INTEIRA_10;F;34;296270.00;11;0.0000
PRUDENTIAL_VIDA_INTEIRA_10;F;35;304040.00;12;0.0000
PRUDENTIAL_VIDA_INTEIRA_10;F;36;311990.00;13;0.0000
PRUDENTIAL_VIDA_INTEIRA_10;F;37;320120.00;14;0.0000
PRUDENTIAL_VIDA_INTEIRA_10;F;38;328400.00;15;0.0000
PRUDENTIAL_VIDA_INTEIRA_10;F;39;336840.00;16;0.0000
PRUDENTIAL_VIDA_INTEIRA_10;F;40;345430.00;17;0.0000
PRUDENTIAL_VIDA_INTEIRA_10;F;41;354160.00;18;0.0000
PRUDENTIAL_VIDA_INTEIRA_10;F;42;363030.00;19;0.0000
PRUDENTIAL_VIDA_INTEIRA_10;F;43;372050.00;20;0.0000
PRUDENTIAL_VIDA_INTEIRA_10;F;44;381230.00;21;0.0000
PRUDENTIAL_VIDA_INTEIRA_10;F;45;390570.00;22;0.0000
PRUDENTIAL_VIDA_INTEIRA_10;F;46;400080.00;23;0.0000
PRUDENTIAL_VIDA_INTEIRA_10;F;47;409770.00;24;0.0000
PRUDENTIAL_VIDA_INTEIRA_10;F;48;419630.00;25;0.0000
PRUDENTIAL_VIDA_INTEIRA_10;F;49;429670.00;26;0.0000
PRUDENTIAL_VIDA_INTEIRA_10;F;50;439870.00;27;0.0000
PRUDENTIAL_VIDA_INTEIRA_10;F;51;450250.00;28;0.0000
PRUDENTIAL_VIDA_INTEIRA_10;F;52;460790.00;29;0.0000
PRUDENTIAL_VIDA_INTEIRA_10;F;53;471490.00;30;0.0000
PRUDENTIAL_VIDA_INTEIRA_10;F;54;482330.00;31;0.0000
PRUDENTIAL_VIDA_INTEIRA_10;F;55;493330.00;32;0.0000
PRUDENTIAL_VIDA_INTEIRA_10;F;56;504490.00;33;0.0000
PRUDENTIAL_VIDA_INTEIRA_10;F;57;515850.00;34;0.0000
PRUDENTIAL_VIDA_INTEIRA_10;F;58;527430.00;35;0.0000
PRUDENTIAL_VIDA_INTEIRA_10;F;59;539240.00;36;0.0000
PRUDENTIAL_VIDA_INTEIRA_10;F;60;551290.00;37;0.0000
PRUDENTIAL_VIDA_INTEIRA_10;F;61;563550.00;38;0.0000
PRUDENTIAL_VIDA_INTEIRA_10;F;62;575990.00;39;0.0000
PRUDENTIAL_VIDA_INTEIRA_10;F;63;588540.00;40;0.0000
PRUDENTIAL_VIDA_INTEIRA_10;F;64;601160.00;41;0.0000
PRUDENTIAL_VIDA_INTEIRA_10;F;65;613820.00;42;0.0000
PRUDENTIAL_VIDA_INTEIRA_10;F;66;626530.00;43;0.0000
PRUDENTIAL_VIDA_INTEIRA_10;F;67;639300.00;44;0.0000
PRUDENTIAL_VIDA_INTEIRA_10;F;68;652170.00;45;0.0000
PRUDENTIAL_VIDA_INTEIRA_10;F;69;665170.00;46;0.0000
PRUDENTIAL_VIDA_INTEIRA_10;F;70;678300.00;47;0.0000
PRUDENTIAL_VIDA_INTEIRA_10;F;71;691500.00;48;0.0000
PRUDENTIAL_VIDA_INTEIRA_10;F;72;704710.00;49;0.0000
PRUDENTIAL_VIDA_INTEIRA_10;F;73;717820.00;50;0.0000
PRUDENTIAL_VIDA_INTEIRA_10;F;74;730740.00;51;0.0000
PRUDENTIAL_VIDA_INTEIRA_10;F;75;743410.00;52;0.0000
PRUDENTIAL_VIDA_INTEIRA_10;F;76;755810.00;53;0.0000
PRUDENTIAL_VIDA_INTEIRA_10;F;77;767940.00;54;0.0000
PRUDENTIAL_VIDA_INTEIRA_10;F;78;779810.00;55;0.0000
PRUDENTIAL_VIDA_INTEIRA_10;F;79;791460.00;56;0.0000
PRUDENTIAL_VIDA_INTEIRA_10;F;80;802870.00;57;0.0000
PRUDENTIAL_VIDA_INTEIRA_10;F;81;814000.00;58;51.2187
PRUDENTIAL_VIDA_INTEIRA_10;F;82;824780.00;59;50.6984
PRUDENTIAL_VIDA_INTEIRA_10;F;83;835140.00;60;50.2143
PRUDENTIAL_VIDA_INTEIRA_10;F;84;845030.00;61;49.7710
PRUDENTIAL_VIDA_INTEIRA_10;F;85;854420.00;62;49.3657
PRUDENTIAL_VIDA_INTEIRA_10;F;86;863340.00;62;45.8626
PRUDENTIAL_VIDA_INTEIRA_10;F;87;871830.00;62;42.5932
PRUDENTIAL_VIDA_INTEIRA_10;F;88;879960.00;62;39.5245
PRUDENTIAL_VIDA_INTEIRA_10;F;89;887800.00;62;36.6152
PRUDENTIAL_VIDA_INTEIRA_10;F;90;895460.00;62;33.8262
PRUDENTIAL_VIDA_INTEIRA_10;F;91;903040.00;62;31.1083
PRUDENTIAL_VIDA_INTEIRA_10;F;92;910690.00;62;28.4136
PRUDENTIAL_VIDA_INTEIRA_10;F;93;918570.00;62;25.6823
PRUDENTIAL_VIDA_INTEIRA_10;F;94;926870.00;62;22.8608
PRUDENTIAL_VIDA_INTEIRA_10;F;95;935690.00;62;19.9147
PRUDENTIAL_VIDA_INTEIRA_10;F;96;945000.00;62;16.8614
PRUDENTIAL_VIDA_INTEIRA_10;F;97;954530.00;62;13.7995
PRUDENTIAL_VIDA_INTEIRA_10;F;98;963630.00;62;10.9337
PRUDENTIAL_VIDA_INTEIRA_10;F;99;970870.00;62;8.6912
PRUDENTIAL_VIDA_INTEIRA_10;F;100;1000000.00;62;0.0000
