produto;sexo;idade_entrada;breakeven_exibido;breakeven_real;regra;resgate_10a_por_1mm;aportes_10a_por_1mm;pct_do_aportado
ICATU_HORIZONTE_WL10;F;18;10;10;FIXO;252651.11;241704.60;104.53
ICATU_HORIZONTE_WL10;F;19;10;10;FIXO;259279.91;247999.20;104.55
ICATU_HORIZONTE_WL10;F;20;10;10;FIXO;266086.27;254446.60;104.57
ICATU_HORIZONTE_WL10;F;21;10;10;FIXO;273068.66;261064.30;104.60
ICATU_HORIZONTE_WL10;F;22;10;10;FIXO;280233.55;267871.00;104.62
ICATU_HORIZONTE_WL10;F;23;10;10;FIXO;287587.40;274873.70;104.63
ICATU_HORIZONTE_WL10;F;24;10;10;FIXO;295136.90;282080.00;104.63
ICATU_HORIZONTE_WL10;F;25;10;10;FIXO;302866.92;289484.80;104.62
ICATU_HORIZONTE_WL10;F;26;10;10;FIXO;310792.45;297109.10;104.61
ICATU_HORIZONTE_WL10;F;27;10;10;FIXO;318891.70;304949.10;104.57
ICATU_HORIZONTE_WL10;F;28;10;10;FIXO;327158.79;313014.80;104.52
ICATU_HORIZONTE_WL10;F;29;10;10;FIXO;335587.68;321304.60;104.45
ICATU_HORIZONTE_WL10;F;30;10;10;FIXO;344165.72;329830.10;104.35
ICATU_HORIZONTE_WL10;F;31;10;10;FIXO;352887.93;338591.60;104.22
ICATU_HORIZONTE_WL10;F;32;10;10;FIXO;361749.47;347603.20;104.07
ICATU_HORIZONTE_WL10;F;33;10;10;FIXO;370752.71;356880.30;103.89
ICATU_HORIZONTE_WL10;F;34;10;10;FIXO;379913.52;366440.10;103.68
ICATU_HORIZONTE_WL10;F;35;10;10;FIXO;389234.33;376262.60;103.45
ICATU_HORIZONTE_WL10;F;36;10;10;FIXO;398718.69;386377.80;103.19
ICATU_HORIZONTE_WL10;F;37;10;10;FIXO;408377.08;396754.80;102.93
ICATU_HORIZONTE_WL10;F;38;10;10;FIXO;418213.82;407386.00;102.66
ICATU_HORIZONTE_WL10;F;39;10;10;FIXO;428221.72;418263.80;102.38
ICATU_HORIZONTE_WL10;F;40;10;10;FIXO;438401.21;429368.20;102.10
ICATU_HORIZONTE_WL10;F;41;10;10;FIXO;448747.15;440691.10;101.83
ICATU_HORIZONTE_WL10;F;42;10;10;FIXO;459261.60;452225.00;101.56
ICATU_HORIZONTE_WL10;F;43;10;10;FIXO;469935.48;463975.20;101.28
ICATU_HORIZONTE_WL10;F;44;10;10;FIXO;480750.20;475974.30;101.00
ICATU_HORIZONTE_WL10;F;45;10;10;FIXO;491717.57;488234.60;100.71
ICATU_HORIZONTE_WL10;F;46;10;10;FIXO;502842.87;500769.70;100.41
ICATU_HORIZONTE_WL10;F;47;10;10;FIXO;514143.74;513608.20;100.10
ICATU_HORIZONTE_WL10;F;48;10;11;FIXO;526768.27;526768.30;100.00
ICATU_HORIZONTE_WL10;F;49;10;11;FIXO;540243.15;540243.20;100.00
ICATU_HORIZONTE_WL10;F;50;10;10;FIXO;554037.15;554037.10;100.00
ICATU_HORIZONTE_WL10;F;51;10;11;FIXO;568143.19;568143.20;100.00
ICATU_HORIZONTE_WL10;F;52;10;10;FIXO;582569.04;582569.00;100.00
ICATU_HORIZONTE_WL10;F;53;10;11;FIXO;597303.46;597303.50;100.00
ICATU_HORIZONTE_WL10;F;54;10;10;FIXO;612316.81;612316.80;100.00
ICATU_HORIZONTE_WL10;F;55;10;11;FIXO;627653.08;627653.10;100.00
ICATU_HORIZONTE_WL10;F;56;11;11;CALCULADO;643356.79;643356.80;100.00
ICATU_HORIZONTE_WL10;F;57;10;10;CALCULADO;659509.11;659509.10;100.00
ICATU_HORIZONTE_WL10;F;58;11;11;CALCULADO;676229.67;676229.70;100.00
ICATU_HORIZONTE_WL10;F;59;10;10;CALCULADO;693652.10;693652.10;100.00
ICATU_HORIZONTE_WL10;F;60;10;10;CALCULADO;711858.11;711858.10;100.00
ICATU_HORIZONTE_WL10;F;61;10;10;CALCULADO;730905.54;730905.50;100.00
ICATU_HORIZONTE_WL10;F;62;10;10;CALCULADO;750779.92;750779.90;100.00
ICATU_HORIZONTE_WL10;F;63;10;10;CALCULADO;771433.72;771433.70;100.00
ICATU_HORIZONTE_WL10;F;64;10;10;CALCULADO;792764.10;792764.10;100.00
ICATU_HORIZONTE_WL10;F;65;11;11;CALCULADO;814771.58;814771.60;100.00
ICATU_HORIZONTE_WL10;F;66;10;10;CALCULADO;837572.33;837572.30;100.00
ICATU_HORIZONTE_WL10;F;67;11;11;CALCULADO;861380.87;861380.90;100.00
ICATU_HORIZONTE_WL10;F;68;10;10;CALCULADO;886533.84;886533.80;100.00
ICATU_HORIZONTE_WL10;F;69;10;10;CALCULADO;913490.93;913490.90;100.00
ICATU_HORIZONTE_WL10;F;70;10;10;CALCULADO;942618.23;942618.20;100.00
ICATU_HORIZONTE_WL10;F;71;10;10;CALCULADO;974198.60;974198.60;100.00
ICATU_HORIZONTE_WL10;F;72;;;CALCULADO;1000000.00;1008404.30;99.17
ICATU_HORIZONTE_WL10;F;73;;;CALCULADO;1000000.00;1045272.30;95.67
ICATU_HORIZONTE_WL10;F;74;;;CALCULADO;1000000.00;1084787.00;92.18
ICATU_HORIZONTE_WL10;F;75;;;CALCULADO;1000000.00;1127020.40;88.73
ICATU_HORIZONTE_WL10;M;18;10;10;FIXO;286018.66;278865.20;102.57
ICATU_HORIZONTE_WL10;M;19;10;10;FIXO;293376.15;285514.50;102.75
ICATU_HORIZONTE_WL10;M;20;10;10;FIXO;300959.63;292273.40;102.97
ICATU_HORIZONTE_WL10;M;21;10;10;FIXO;308769.62;299193.30;103.20
ICATU_HORIZONTE_WL10;M;22;10;10;FIXO;316792.20;306315.90;103.42
ICATU_HORIZONTE_WL10;M;23;10;10;FIXO;325035.73;313686.00;103.62
ICATU_HORIZONTE_WL10;M;24;10;10;FIXO;333486.84;321325.90;103.78
ICATU_HORIZONTE_WL10;M;25;10;10;FIXO;342147.37;329259.80;103.91
ICATU_HORIZONTE_WL10;M;26;10;10;FIXO;351012.05;337513.90;104.00
ICATU_HORIZONTE_WL10;M;27;10;10;FIXO;360076.34;346091.40;104.04
ICATU_HORIZONTE_WL10;M;28;10;10;FIXO;369329.43;354983.80;104.04
ICATU_HORIZONTE_WL10;M;29;10;10;FIXO;378768.02;364195.60;104.00
ICATU_HORIZONTE_WL10;M;30;10;10;FIXO;388382.53;373720.10;103.92
ICATU_HORIZONTE_WL10;M;31;10;10;FIXO;398170.82;383563.50;103.81
ICATU_HORIZONTE_WL10;M;32;10;10;FIXO;408118.32;393708.40;103.66
ICATU_HORIZONTE_WL10;M;33;10;10;FIXO;418237.14;404175.40;103.48
ICATU_HORIZONTE_WL10;M;34;10;10;FIXO;428513.78;414949.10;103.27
ICATU_HORIZONTE_WL10;M;35;10;10;FIXO;438955.39;426039.80;103.03
ICATU_HORIZONTE_WL10;M;36;10;10;FIXO;449550.75;437446.40;102.77
ICATU_HORIZONTE_WL10;M;37;10;10;FIXO;460308.53;449169.70;102.48
ICATU_HORIZONTE_WL10;M;38;10;10;FIXO;471225.48;461198.40;102.17
ICATU_HORIZONTE_WL10;M;39;10;10;FIXO;482305.88;473534.30;101.85
ICATU_HORIZONTE_WL10;M;40;10;10;FIXO;493537.86;486167.70;101.52
ICATU_HORIZONTE_WL10;M;41;10;10;FIXO;504923.23;499102.90;101.17
ICATU_HORIZONTE_WL10;M;42;10;10;FIXO;516431.93;512320.70;100.80
ICATU_HORIZONTE_WL10;M;43;10;10;FIXO;528049.27;525855.10;100.42
ICATU_HORIZONTE_WL10;M;44;10;10;FIXO;539751.48;539695.30;100.01
ICATU_HORIZONTE_WL10;M;45;10;10;FIXO;553872.60;553872.60;100.00
ICATU_HORIZONTE_WL10;M;46;10;11;FIXO;568387.37;568387.40;100.00
ICATU_HORIZONTE_WL10;M;47;10;10;FIXO;583281.91;583281.90;100.00
ICATU_HORIZONTE_WL10;M;48;10;10;FIXO;598581.02;598581.00;100.00
ICATU_HORIZONTE_WL10;M;49;10;11;FIXO;614327.07;614327.10;100.00
ICATU_HORIZONTE_WL10;M;50;10;10;FIXO;630531.65;630531.60;100.00
ICATU_HORIZONTE_WL10;M;51;10;10;FIXO;647237.83;647237.80;100.00
ICATU_HORIZONTE_WL10;M;52;10;11;FIXO;664421.99;664422.00;100.00
ICATU_HORIZONTE_WL10;M;53;10;10;FIXO;682092.22;682092.20;100.00
ICATU_HORIZONTE_WL10;M;54;10;11;FIXO;700241.59;700241.60;100.00
ICATU_HORIZONTE_WL10;M;55;10;10;FIXO;718861.14;718861.10;100.00
ICATU_HORIZONTE_WL10;M;56;11;11;CALCULADO;738005.35;738005.40;100.00
ICATU_HORIZONTE_WL10;M;57;10;10;CALCULADO;757719.32;757719.30;100.00
ICATU_HORIZONTE_WL10;M;58;10;10;CALCULADO;778114.90;778114.90;100.00
ICATU_HORIZONTE_WL10;M;59;11;11;CALCULADO;799285.78;799285.80;100.00
ICATU_HORIZONTE_WL10;M;60;10;10;CALCULADO;821332.11;821332.10;100.00
ICATU_HORIZONTE_WL10;M;61;10;10;CALCULADO;844311.03;844311.00;100.00
ICATU_HORIZONTE_WL10;M;62;10;10;CALCULADO;868279.81;868279.80;100.00
ICATU_HORIZONTE_WL10;M;63;11;11;CALCULADO;893272.99;893273.00;100.00
ICATU_HORIZONTE_WL10;M;64;11;11;CALCULADO;919318.85;919318.90;100.00
ICATU_HORIZONTE_WL10;M;65;11;11;CALCULADO;946498.88;946498.90;100.00
ICATU_HORIZONTE_WL10;M;66;11;11;CALCULADO;974949.29;974949.30;100.00
ICATU_HORIZONTE_WL10;M;67;;;CALCULADO;1000000.00;1004920.00;99.51
ICATU_HORIZONTE_WL10;M;68;;;CALCULADO;1000000.00;1036699.00;96.46
ICATU_HORIZONTE_WL10;M;69;;;CALCULADO;1000000.00;1070628.70;93.40
ICATU_HORIZONTE_WL10;M;70;;;CALCULADO;1000000.00;1107007.30;90.33
ICATU_HORIZONTE_WL10;M;71;;;CALCULADO;1000000.00;1145998.40;87.26
ICATU_HORIZONTE_WL10;M;72;;;CALCULADO;1000000.00;1187679.70;84.20
ICATU_HORIZONTE_WL10;M;73;;;CALCULADO;1000000.00;1231997.20;81.17
ICATU_HORIZONTE_WL10;M;74;;;CALCULADO;1000000.00;1278790.70;78.20
ICATU_HORIZONTE_WL10;M;75;;;CALCULADO;1000000.00;1328032.80;75.30
MAG_WL_INTEGRAL_10;F;16;10;8;FIXO;248567.00;232108.90;107.09
MAG_WL_INTEGRAL_10;F;17;10;8;FIXO;254462.08;237823.20;107.00
MAG_WL_INTEGRAL_10;F;18;10;9;FIXO;260496.84;243645.70;106.92
MAG_WL_INTEGRAL_10;F;19;10;9;FIXO;266668.71;249548.90;106.86
MAG_WL_INTEGRAL_10;F;20;10;9;FIXO;272980.71;255536.50;106.83
MAG_WL_INTEGRAL_10;F;21;10;9;FIXO;279433.60;261618.70;106.81
MAG_WL_INTEGRAL_10;F;22;10;9;FIXO;286031.35;267817.80;106.80
MAG_WL_INTEGRAL_10;F;23;10;9;FIXO;292775.02;274149.60;106.79
MAG_WL_INTEGRAL_10;F;24;10;9;FIXO;299662.76;280634.30;106.78
MAG_WL_INTEGRAL_10;F;25;10;9;FIXO;306695.87;287293.40;106.75
MAG_WL_INTEGRAL_10;F;26;10;9;FIXO;313875.79;294138.40;106.71
MAG_WL_INTEGRAL_10;F;27;10;9;FIXO;321211.37;301158.40;106.66
MAG_WL_INTEGRAL_10;F;28;10;9;FIXO;328703.66;308353.70;106.60
MAG_WL_INTEGRAL_10;F;29;10;9;FIXO;336353.88;315720.60;106.54
MAG_WL_INTEGRAL_10;F;30;10;9;FIXO;344157.11;323264.20;106.46
MAG_WL_INTEGRAL_10;F;31;10;9;FIXO;352108.70;330986.50;106.38
MAG_WL_INTEGRAL_10;F;32;10;9;FIXO;360198.76;338895.50;106.29
MAG_WL_INTEGRAL_10;F;33;10;9;FIXO;368431.31;346994.80;106.18
MAG_WL_INTEGRAL_10;F;34;10;9;FIXO;376810.58;355283.70;106.06
MAG_WL_INTEGRAL_10;F;35;10;9;FIXO;385345.61;363766.70;105.93
MAG_WL_INTEGRAL_10;F;36;10;9;FIXO;394035.85;372448.20;105.80
MAG_WL_INTEGRAL_10;F;37;10;9;FIXO;402879.81;381346.70;105.65
MAG_WL_INTEGRAL_10;F;38;10;9;FIXO;411861.85;390467.80;105.48
MAG_WL_INTEGRAL_10;F;39;10;9;FIXO;420975.66;399819.20;105.29
MAG_WL_INTEGRAL_10;F;40;10;9;FIXO;430218.54;409398.90;105.09
MAG_WL_INTEGRAL_10;F;41;10;9;FIXO;439600.85;419205.40;104.87
MAG_WL_INTEGRAL_10;F;42;10;9;FIXO;449125.54;429227.30;104.64
MAG_WL_INTEGRAL_10;F;43;10;9;FIXO;458808.12;439478.60;104.40
MAG_WL_INTEGRAL_10;F;44;10;9;FIXO;468648.30;449973.90;104.15
MAG_WL_INTEGRAL_10;F;45;10;9;FIXO;478637.94;460739.10;103.88
MAG_WL_INTEGRAL_10;F;46;10;9;FIXO;488757.12;471783.90;103.60
MAG_WL_INTEGRAL_10;F;47;10;9;FIXO;498997.94;483120.60;103.29
MAG_WL_INTEGRAL_10;F;48;10;9;FIXO;509356.13;494733.20;102.96
MAG_WL_INTEGRAL_10;F;49;10;9;FIXO;519826.81;506625.80;102.61
MAG_WL_INTEGRAL_10;F;50;10;9;FIXO;530406.13;518811.20;102.23
MAG_WL_INTEGRAL_10;F;51;10;9;FIXO;541081.92;531333.60;101.83
MAG_WL_INTEGRAL_10;F;52;10;10;FIXO;551859.46;544226.30;101.40
MAG_WL_INTEGRAL_10;F;53;10;10;FIXO;562733.13;557556.50;100.93
MAG_WL_INTEGRAL_10;F;54;10;10;FIXO;573724.97;571363.80;100.41
MAG_WL_INTEGRAL_10;F;55;10;;FIXO;584832.77;585672.90;99.86
MAG_WL_INTEGRAL_10;F;56;;;CALCULADO;596079.44;600482.00;99.27
MAG_WL_INTEGRAL_10;F;57;;;CALCULADO;607451.10;615824.50;98.64
MAG_WL_INTEGRAL_10;F;58;;;CALCULADO;618951.16;631741.50;97.98
MAG_WL_INTEGRAL_10;F;59;;;CALCULADO;630553.69;648282.20;97.27
MAG_WL_INTEGRAL_10;F;60;;;CALCULADO;642260.82;665509.80;96.51
MAG_WL_INTEGRAL_10;F;61;;;CALCULADO;654052.31;683474.50;95.70
MAG_WL_INTEGRAL_10;F;62;;;CALCULADO;665942.03;701200.80;94.97
MAG_WL_INTEGRAL_10;F;63;;;CALCULADO;677903.43;718502.60;94.35
MAG_WL_INTEGRAL_10;F;64;;;CALCULADO;689949.69;735245.50;93.84
MAG_WL_INTEGRAL_10;F;65;;;CALCULADO;701961.11;751190.30;93.45
MAG_WL_INTEGRAL_10;F;66;;;CALCULADO;713936.89;766161.30;93.18
MAG_WL_INTEGRAL_10;F;67;;;CALCULADO;725827.67;779828.50;93.08
MAG_WL_INTEGRAL_10;F;68;;;CALCULADO;737714.40;791883.90;93.16
MAG_WL_INTEGRAL_10;F;69;;;CALCULADO;749511.10;801851.60;93.47
MAG_WL_INTEGRAL_10;F;70;;;CALCULADO;761196.00;809315.60;94.05
MAG_WL_INTEGRAL_10;F;71;;;CALCULADO;772701.24;829616.90;93.14
MAG_WL_INTEGRAL_10;F;72;;;CALCULADO;783962.37;851083.60;92.11
MAG_WL_INTEGRAL_10;F;73;;;CALCULADO;794900.36;873855.80;90.96
MAG_WL_INTEGRAL_10;F;74;;;CALCULADO;805513.43;898285.10;89.67
MAG_WL_INTEGRAL_10;F;75;;;CALCULADO;815854.03;924200.70;88.28
MAG_WL_INTEGRAL_10;F;76;;;CALCULADO;825825.00;951895.80;86.76
MAG_WL_INTEGRAL_10;F;77;;;CALCULADO;835418.63;981513.50;85.12
MAG_WL_INTEGRAL_10;F;78;;;CALCULADO;844679.93;1013882.80;83.31
MAG_WL_INTEGRAL_10;F;79;;;CALCULADO;853743.41;1049073.00;81.38
MAG_WL_INTEGRAL_10;F;80;;;CALCULADO;862518.96;1087428.50;79.32
MAG_WL_INTEGRAL_10;M;16;10;8;FIXO;278047.77;265319.20;104.80
MAG_WL_INTEGRAL_10;M;17;10;8;FIXO;284210.55;271644.60;104.63
MAG_WL_INTEGRAL_10;M;18;10;9;FIXO;290543.33;277945.60;104.53
MAG_WL_INTEGRAL_10;M;19;10;9;FIXO;297051.84;284099.90;104.56
MAG_WL_INTEGRAL_10;M;20;10;9;FIXO;303719.99;290203.60;104.66
MAG_WL_INTEGRAL_10;M;21;10;9;FIXO;310549.97;296353.60;104.79
MAG_WL_INTEGRAL_10;M;22;10;9;FIXO;317542.68;302662.10;104.92
MAG_WL_INTEGRAL_10;M;23;10;9;FIXO;324699.15;309134.10;105.04
MAG_WL_INTEGRAL_10;M;24;10;9;FIXO;332014.95;315841.90;105.12
MAG_WL_INTEGRAL_10;M;25;10;9;FIXO;339500.43;322766.10;105.18
MAG_WL_INTEGRAL_10;M;26;10;9;FIXO;347158.51;329901.20;105.23
MAG_WL_INTEGRAL_10;M;27;10;9;FIXO;354984.11;337238.90;105.26
MAG_WL_INTEGRAL_10;M;28;10;9;FIXO;362959.72;344793.70;105.27
MAG_WL_INTEGRAL_10;M;29;10;9;FIXO;371106.60;352577.70;105.26
MAG_WL_INTEGRAL_10;M;30;10;9;FIXO;379434.24;360566.10;105.23
MAG_WL_INTEGRAL_10;M;31;10;9;FIXO;387932.96;368763.10;105.20
MAG_WL_INTEGRAL_10;M;32;10;9;FIXO;396590.31;377172.10;105.15
MAG_WL_INTEGRAL_10;M;33;10;9;FIXO;405392.50;385797.20;105.08
MAG_WL_INTEGRAL_10;M;34;10;9;FIXO;414360.19;394634.10;105.00
MAG_WL_INTEGRAL_10;M;35;10;9;FIXO;423489.15;403704.40;104.90
MAG_WL_INTEGRAL_10;M;36;10;9;FIXO;432780.99;413017.10;104.79
MAG_WL_INTEGRAL_10;M;37;10;9;FIXO;442225.97;422568.40;104.65
MAG_WL_INTEGRAL_10;M;38;10;9;FIXO;451817.89;432330.80;104.51
MAG_WL_INTEGRAL_10;M;39;10;9;FIXO;461531.93;442349.30;104.34
MAG_WL_INTEGRAL_10;M;40;10;9;FIXO;471386.78;452652.00;104.14
MAG_WL_INTEGRAL_10;M;41;10;9;FIXO;481325.23;463231.00;103.91
MAG_WL_INTEGRAL_10;M;42;10;9;FIXO;491343.24;474077.30;103.64
MAG_WL_INTEGRAL_10;M;43;10;9;FIXO;501425.49;485179.30;103.35
MAG_WL_INTEGRAL_10;M;44;10;9;FIXO;511572.28;496596.10;103.02
MAG_WL_INTEGRAL_10;M;45;10;9;FIXO;521841.71;508342.10;102.66
MAG_WL_INTEGRAL_10;M;46;10;9;FIXO;532178.72;520439.50;102.26
MAG_WL_INTEGRAL_10;M;47;10;9;FIXO;542611.24;532895.90;101.82
MAG_WL_INTEGRAL_10;M;48;10;10;FIXO;553105.35;545723.50;101.35
MAG_WL_INTEGRAL_10;M;49;10;10;FIXO;563720.38;558898.90;100.86
MAG_WL_INTEGRAL_10;M;50;10;10;FIXO;574354.16;572489.40;100.33
MAG_WL_INTEGRAL_10;M;51;10;;FIXO;585036.92;586405.30;99.77
MAG_WL_INTEGRAL_10;M;52;10;;FIXO;595752.72;600668.50;99.18
MAG_WL_INTEGRAL_10;M;53;10;;FIXO;606572.14;615279.80;98.58
MAG_WL_INTEGRAL_10;M;54;10;;FIXO;617442.43;630269.60;97.96
MAG_WL_INTEGRAL_10;M;55;10;;FIXO;628333.64;645829.90;97.29
MAG_WL_INTEGRAL_10;M;56;;;CALCULADO;639289.09;661881.50;96.59
MAG_WL_INTEGRAL_10;M;57;;;CALCULADO;650309.69;678562.20;95.84
MAG_WL_INTEGRAL_10;M;58;;;CALCULADO;661455.75;695847.20;95.06
MAG_WL_INTEGRAL_10;M;59;;;CALCULADO;672618.29;713971.40;94.21
MAG_WL_INTEGRAL_10;M;60;;;CALCULADO;683859.01;732743.10;93.33
MAG_WL_INTEGRAL_10;M;61;;;CALCULADO;695070.98;752334.30;92.39
MAG_WL_INTEGRAL_10;M;62;;;CALCULADO;706188.24;771656.60;91.52
MAG_WL_INTEGRAL_10;M;63;;;CALCULADO;717100.63;790795.20;90.68
MAG_WL_INTEGRAL_10;M;64;;;CALCULADO;727764.19;809447.60;89.91
MAG_WL_INTEGRAL_10;M;65;;;CALCULADO;738244.55;827339.60;89.23
MAG_WL_INTEGRAL_10;M;66;;;CALCULADO;748816.60;844394.20;88.68
MAG_WL_INTEGRAL_10;M;67;;;CALCULADO;759272.92;860275.80;88.26
MAG_WL_INTEGRAL_10;M;68;;;CALCULADO;769574.16;874881.00;87.96
MAG_WL_INTEGRAL_10;M;69;;;CALCULADO;779582.36;887409.60;87.85
MAG_WL_INTEGRAL_10;M;70;;;CALCULADO;789578.92;897675.70;87.96
MAG_WL_INTEGRAL_10;M;71;;;CALCULADO;799216.39;922300.80;86.65
MAG_WL_INTEGRAL_10;M;72;;;CALCULADO;808575.80;948136.80;85.28
MAG_WL_INTEGRAL_10;M;73;;;CALCULADO;817553.95;974876.20;83.86
MAG_WL_INTEGRAL_10;M;74;;;CALCULADO;826356.21;1002488.30;82.43
MAG_WL_INTEGRAL_10;M;75;;;CALCULADO;834972.40;1031413.50;80.95
MAG_WL_INTEGRAL_10;M;76;;;CALCULADO;843096.47;1063380.70;79.28
MAG_WL_INTEGRAL_10;M;77;;;CALCULADO;850898.86;1097815.90;77.51
MAG_WL_INTEGRAL_10;M;78;;;CALCULADO;858119.79;1134889.70;75.61
MAG_WL_INTEGRAL_10;M;79;;;CALCULADO;865141.63;1174215.70;73.68
MAG_WL_INTEGRAL_10;M;80;;;CALCULADO;871512.28;1218058.40;71.55
METLIFE_VIDA_TOTAL_10;F;18;10;10;FIXO;250782.48;243434.10;103.02
METLIFE_VIDA_TOTAL_10;F;19;10;10;FIXO;257412.08;249775.00;103.06
METLIFE_VIDA_TOTAL_10;F;20;10;10;FIXO;264218.58;256280.00;103.10
METLIFE_VIDA_TOTAL_10;F;21;10;10;FIXO;271215.50;262967.60;103.14
METLIFE_VIDA_TOTAL_10;F;22;10;10;FIXO;278401.84;269844.10;103.17
METLIFE_VIDA_TOTAL_10;F;23;10;10;FIXO;285784.13;276929.00;103.20
METLIFE_VIDA_TOTAL_10;F;24;10;10;FIXO;293361.89;284217.10;103.22
METLIFE_VIDA_TOTAL_10;F;25;10;10;FIXO;301134.89;291716.10;103.23
METLIFE_VIDA_TOTAL_10;F;26;10;10;FIXO;309103.13;299467.00;103.22
METLIFE_VIDA_TOTAL_10;F;27;10;10;FIXO;317252.97;307401.00;103.20
METLIFE_VIDA_TOTAL_10;F;28;10;10;FIXO;325577.98;315572.30;103.17
METLIFE_VIDA_TOTAL_10;F;29;10;10;FIXO;334078.93;323979.50;103.12
METLIFE_VIDA_TOTAL_10;F;30;10;10;FIXO;342756.95;335228.10;102.25
METLIFE_VIDA_TOTAL_10;F;31;10;10;FIXO;351600.23;344236.20;102.14
METLIFE_VIDA_TOTAL_10;F;32;10;10;FIXO;360610.59;353469.80;102.02
METLIFE_VIDA_TOTAL_10;F;33;10;10;FIXO;369796.71;362980.40;101.88
METLIFE_VIDA_TOTAL_10;F;34;10;10;FIXO;379167.69;368780.80;102.82
METLIFE_VIDA_TOTAL_10;F;35;10;10;FIXO;388733.00;370689.50;104.87
METLIFE_VIDA_TOTAL_10;F;36;10;10;FIXO;398490.18;376734.20;105.77
METLIFE_VIDA_TOTAL_10;F;37;10;10;FIXO;408443.47;386956.40;105.55
METLIFE_VIDA_TOTAL_10;F;38;10;10;FIXO;418591.68;397425.90;105.33
METLIFE_VIDA_TOTAL_10;F;39;10;10;FIXO;428940.23;408146.30;105.09
METLIFE_VIDA_TOTAL_10;F;40;10;10;FIXO;439483.61;417266.40;105.32
METLIFE_VIDA_TOTAL_10;F;41;10;10;FIXO;450217.24;428426.50;105.09
METLIFE_VIDA_TOTAL_10;F;42;10;10;FIXO;461137.51;439825.20;104.85
METLIFE_VIDA_TOTAL_10;F;43;10;10;FIXO;472230.96;451481.20;104.60
METLIFE_VIDA_TOTAL_10;F;44;10;10;FIXO;483490.87;463416.80;104.33
METLIFE_VIDA_TOTAL_10;F;45;10;10;FIXO;494927.52;475657.50;104.05
METLIFE_VIDA_TOTAL_10;F;46;10;10;FIXO;506541.92;488257.90;103.74
METLIFE_VIDA_TOTAL_10;F;47;10;10;FIXO;518351.42;501133.80;103.44
METLIFE_VIDA_TOTAL_10;F;48;10;10;FIXO;530379.18;514396.10;103.11
METLIFE_VIDA_TOTAL_10;F;49;10;10;FIXO;542644.40;528012.30;102.77
METLIFE_VIDA_TOTAL_10;F;50;10;10;FIXO;555139.52;534088.10;103.94
METLIFE_VIDA_TOTAL_10;F;51;10;10;FIXO;567845.79;548190.60;103.59
METLIFE_VIDA_TOTAL_10;F;52;10;10;FIXO;580725.64;562636.80;103.22
METLIFE_VIDA_TOTAL_10;F;53;10;10;FIXO;593728.78;577410.00;102.83
METLIFE_VIDA_TOTAL_10;F;54;10;10;FIXO;606797.86;592574.90;102.40
METLIFE_VIDA_TOTAL_10;F;55;10;10;FIXO;619909.62;608125.00;101.94
METLIFE_VIDA_TOTAL_10;F;56;10;10;CALCULADO;633061.01;624100.30;101.44
METLIFE_VIDA_TOTAL_10;F;57;10;10;CALCULADO;646271.72;640654.70;100.88
METLIFE_VIDA_TOTAL_10;F;58;10;10;CALCULADO;659571.93;657837.30;100.26
METLIFE_VIDA_TOTAL_10;F;59;11;11;CALCULADO;672987.91;675762.50;99.59
METLIFE_VIDA_TOTAL_10;F;60;11;11;CALCULADO;686509.67;687881.50;99.80
METLIFE_VIDA_TOTAL_10;F;61;11;11;CALCULADO;700095.59;707386.50;98.97
METLIFE_VIDA_TOTAL_10;F;63;12;12;CALCULADO;727142.14;748875.00;97.10
METLIFE_VIDA_TOTAL_10;F;64;13;13;CALCULADO;740419.57;770928.20;96.04
METLIFE_VIDA_TOTAL_10;F;65;14;14;CALCULADO;753443.15;793780.10;94.92
METLIFE_VIDA_TOTAL_10;F;66;18;18;CALCULADO;766182.27;855896.30;89.52
METLIFE_VIDA_TOTAL_10;F;67;20;20;CALCULADO;778643.41;880826.20;88.40
METLIFE_VIDA_TOTAL_10;F;68;22;22;CALCULADO;790848.56;907306.40;87.16
METLIFE_VIDA_TOTAL_10;F;69;25;25;CALCULADO;802813.01;935887.80;85.78
METLIFE_VIDA_TOTAL_10;F;70;23;23;CALCULADO;814527.05;926026.40;87.96
METLIFE_VIDA_TOTAL_10;F;71;21;21;CALCULADO;825947.05;922735.90;89.51
METLIFE_VIDA_TOTAL_10;F;72;24;24;CALCULADO;837008.75;956692.70;87.49
METLIFE_VIDA_TOTAL_10;F;73;26;26;CALCULADO;847635.69;993307.80;85.33
METLIFE_VIDA_TOTAL_10;F;74;;;CALCULADO;857777.93;1032667.70;83.06
METLIFE_VIDA_TOTAL_10;F;75;;;CALCULADO;867421.30;1074995.60;80.69
METLIFE_VIDA_TOTAL_10;M;18;10;11;FIXO;274639.24;278738.00;98.53
METLIFE_VIDA_TOTAL_10;M;19;10;11;FIXO;281822.74;285407.10;98.74
METLIFE_VIDA_TOTAL_10;M;20;10;11;FIXO;289232.42;292229.50;98.97
METLIFE_VIDA_TOTAL_10;M;21;10;11;FIXO;296868.21;299213.80;99.22
METLIFE_VIDA_TOTAL_10;M;22;10;11;FIXO;304723.15;306472.30;99.43
METLIFE_VIDA_TOTAL_10;M;23;10;11;FIXO;312797.60;313993.40;99.62
METLIFE_VIDA_TOTAL_10;M;24;10;11;FIXO;321085.26;321800.50;99.78
METLIFE_VIDA_TOTAL_10;M;25;10;11;FIXO;329587.00;329905.50;99.90
METLIFE_VIDA_TOTAL_10;M;26;10;11;FIXO;338304.04;338334.30;99.99
METLIFE_VIDA_TOTAL_10;M;27;10;10;FIXO;347237.97;347075.40;100.05
METLIFE_VIDA_TOTAL_10;M;28;10;10;FIXO;356377.51;356170.10;100.06
METLIFE_VIDA_TOTAL_10;M;29;10;10;FIXO;365724.98;365541.40;100.05
METLIFE_VIDA_TOTAL_10;M;30;10;10;FIXO;375283.11;372959.70;100.62
METLIFE_VIDA_TOTAL_10;M;31;10;10;FIXO;385042.46;382910.80;100.56
METLIFE_VIDA_TOTAL_10;M;32;10;10;FIXO;395006.73;393173.30;100.47
METLIFE_VIDA_TOTAL_10;M;33;10;10;FIXO;405180.11;403797.10;100.34
METLIFE_VIDA_TOTAL_10;M;34;10;10;FIXO;415561.37;414684.90;100.21
METLIFE_VIDA_TOTAL_10;M;35;10;10;FIXO;426149.99;421257.80;101.16
METLIFE_VIDA_TOTAL_10;M;36;10;10;FIXO;436940.41;423358.20;103.21
METLIFE_VIDA_TOTAL_10;M;37;10;10;FIXO;447933.71;430252.70;104.11
METLIFE_VIDA_TOTAL_10;M;38;10;10;FIXO;459131.83;441948.70;103.89
METLIFE_VIDA_TOTAL_10;M;39;10;10;FIXO;470532.18;453955.80;103.65
METLIFE_VIDA_TOTAL_10;M;40;10;10;FIXO;482133.31;467138.10;103.21
METLIFE_VIDA_TOTAL_10;M;41;10;10;FIXO;493924.51;479801.20;102.94
METLIFE_VIDA_TOTAL_10;M;42;10;10;FIXO;505891.58;492790.00;102.66
METLIFE_VIDA_TOTAL_10;M;43;10;10;FIXO;518017.21;506123.20;102.35
METLIFE_VIDA_TOTAL_10;M;44;10;10;FIXO;530281.42;519867.50;102.00
METLIFE_VIDA_TOTAL_10;M;45;10;10;FIXO;542671.42;533985.70;101.63
METLIFE_VIDA_TOTAL_10;M;46;10;10;FIXO;555172.22;548485.50;101.22
METLIFE_VIDA_TOTAL_10;M;47;10;10;FIXO;567776.01;563392.50;100.78
METLIFE_VIDA_TOTAL_10;M;48;10;10;FIXO;580486.37;578738.60;100.30
METLIFE_VIDA_TOTAL_10;M;49;10;10;FIXO;593287.94;588334.10;100.84
METLIFE_VIDA_TOTAL_10;M;50;10;10;FIXO;606160.60;599226.80;101.16
METLIFE_VIDA_TOTAL_10;M;51;10;10;FIXO;619084.24;615854.10;100.52
METLIFE_VIDA_TOTAL_10;M;52;10;11;FIXO;632039.28;633004.60;99.85
METLIFE_VIDA_TOTAL_10;M;53;10;11;FIXO;644984.55;650687.50;99.12
METLIFE_VIDA_TOTAL_10;M;54;10;11;FIXO;657885.12;668982.70;98.34
METLIFE_VIDA_TOTAL_10;M;55;10;12;FIXO;670715.81;687858.20;97.51
METLIFE_VIDA_TOTAL_10;M;56;12;12;CALCULADO;683460.94;707426.40;96.61
METLIFE_VIDA_TOTAL_10;M;57;13;13;CALCULADO;696114.10;727682.30;95.66
METLIFE_VIDA_TOTAL_10;M;58;14;14;CALCULADO;708677.98;748816.00;94.64
METLIFE_VIDA_TOTAL_10;M;59;15;15;CALCULADO;721146.17;770902.10;93.55
METLIFE_VIDA_TOTAL_10;M;60;14;14;CALCULADO;733496.27;777222.10;94.37
METLIFE_VIDA_TOTAL_10;M;61;15;15;CALCULADO;745686.72;800820.90;93.12
METLIFE_VIDA_TOTAL_10;M;62;17;17;CALCULADO;757662.32;825678.60;91.76
METLIFE_VIDA_TOTAL_10;M;63;19;19;CALCULADO;769348.34;851761.50;90.32
METLIFE_VIDA_TOTAL_10;M;64;21;21;CALCULADO;780684.57;879157.80;88.80
METLIFE_VIDA_TOTAL_10;M;65;24;24;CALCULADO;791642.41;908110.30;87.17
METLIFE_VIDA_TOTAL_10;M;66;;;CALCULADO;802228.69;999889.30;80.23
METLIFE_VIDA_TOTAL_10;M;67;;;CALCULADO;812467.84;1031689.20;78.75
METLIFE_VIDA_TOTAL_10;M;68;;;CALCULADO;822401.54;1065605.20;77.18
METLIFE_VIDA_TOTAL_10;M;69;;;CALCULADO;832071.26;1106198.20;75.22
METLIFE_VIDA_TOTAL_10;M;70;;;CALCULADO;841486.24;1092932.10;76.99
METLIFE_VIDA_TOTAL_10;M;71;;;CALCULADO;850623.93;1063617.10;79.97
METLIFE_VIDA_TOTAL_10;M;72;;;CALCULADO;859436.18;1105330.10;77.75
METLIFE_VIDA_TOTAL_10;M;73;;;CALCULADO;867854.68;1149835.40;75.48
METLIFE_VIDA_TOTAL_10;M;74;;;CALCULADO;875826.83;1197147.60;73.16
METLIFE_VIDA_TOTAL_10;M;75;;;CALCULADO;883338.42;1247450.30;70.81
PRUDENTIAL_VIDA_INTEIRA_10;F;14;10;10;FIXO;228650.00;217637.90;105.06
PRUDENTIAL_VIDA_INTEIRA_10;F;15;10;10;FIXO;234620.00;223378.60;105.03
PRUDENTIAL_VIDA_INTEIRA_10;F;16;10;10;FIXO;240780.00;229242.80;105.03
PRUDENTIAL_VIDA_INTEIRA_10;F;17;10;10;FIXO;247090.00;235235.50;105.04
PRUDENTIAL_VIDA_INTEIRA_10;F;18;10;10;FIXO;253580.00;241370.70;105.06
PRUDENTIAL_VIDA_INTEIRA_10;F;19;10;10;FIXO;260240.00;247655.50;105.08
PRUDENTIAL_VIDA_INTEIRA_10;F;20;10;10;FIXO;267080.00;254104.90;105.11
PRUDENTIAL_VIDA_INTEIRA_10;F;21;10;10;FIXO;274100.00;260726.00;105.13
PRUDENTIAL_VIDA_INTEIRA_10;F;22;10;10;FIXO;281300.00;267537.80;105.14
PRUDENTIAL_VIDA_INTEIRA_10;F;23;10;10;FIXO;288700.00;274545.30;105.16
PRUDENTIAL_VIDA_INTEIRA_10;F;24;10;10;FIXO;296270.00;281758.60;105.15
PRUDENTIAL_VIDA_INTEIRA_10;F;25;10;10;FIXO;304040.00;295512.70;102.89
PRUDENTIAL_VIDA_INTEIRA_10;F;26;10;10;FIXO;311990.00;303314.20;102.86
PRUDENTIAL_VIDA_INTEIRA_10;F;27;10;10;FIXO;320120.00;311337.60;102.82
PRUDENTIAL_VIDA_INTEIRA_10;F;28;10;10;FIXO;328400.00;319582.80;102.76
PRUDENTIAL_VIDA_INTEIRA_10;F;29;10;10;FIXO;336840.00;328058.90;102.68
PRUDENTIAL_VIDA_INTEIRA_10;F;30;10;10;FIXO;345430.00;336779.90;102.57
PRUDENTIAL_VIDA_INTEIRA_10;F;31;10;10;FIXO;354160.00;345745.90;102.43
PRUDENTIAL_VIDA_INTEIRA_10;F;32;10;10;FIXO;363030.00;354972.80;102.27
PRUDENTIAL_VIDA_INTEIRA_10;F;33;10;10;FIXO;372050.00;364476.80;102.08
PRUDENTIAL_VIDA_INTEIRA_10;F;34;10;10;FIXO;381230.00;368193.80;103.54
PRUDENTIAL_VIDA_INTEIRA_10;F;35;10;10;FIXO;390570.00;372070.50;104.97
PRUDENTIAL_VIDA_INTEIRA_10;F;36;10;10;FIXO;400080.00;376092.70;106.38
PRUDENTIAL_VIDA_INTEIRA_10;F;37;10;10;FIXO;409770.00;380626.90;107.66
PRUDENTIAL_VIDA_INTEIRA_10;F;38;10;10;FIXO;419630.00;390822.50;107.37
PRUDENTIAL_VIDA_INTEIRA_10;F;39;10;10;FIXO;429670.00;401236.90;107.09
PRUDENTIAL_VIDA_INTEIRA_10;F;40;10;10;FIXO;439870.00;411863.20;106.80
PRUDENTIAL_VIDA_INTEIRA_10;F;41;10;10;FIXO;450250.00;422694.20;106.52
PRUDENTIAL_VIDA_INTEIRA_10;F;42;10;10;FIXO;460790.00;433735.00;106.24
PRUDENTIAL_VIDA_INTEIRA_10;F;43;10;10;FIXO;471490.00;444990.60;105.96
PRUDENTIAL_VIDA_INTEIRA_10;F;44;10;10;FIXO;482330.00;456495.10;105.66
PRUDENTIAL_VIDA_INTEIRA_10;F;45;10;10;FIXO;493330.00;468249.60;105.36
PRUDENTIAL_VIDA_INTEIRA_10;F;46;10;10;FIXO;504490.00;480280.20;105.04
PRUDENTIAL_VIDA_INTEIRA_10;F;47;10;10;FIXO;515850.00;492613.80;104.72
PRUDENTIAL_VIDA_INTEIRA_10;F;48;10;10;FIXO;527430.00;505244.70;104.39
PRUDENTIAL_VIDA_INTEIRA_10;F;49;10;10;FIXO;539240.00;518178.60;104.06
PRUDENTIAL_VIDA_INTEIRA_10;F;50;10;10;FIXO;551290.00;531419.80;103.74
PRUDENTIAL_VIDA_INTEIRA_10;F;51;10;10;FIXO;563550.00;544962.00;103.41
PRUDENTIAL_VIDA_INTEIRA_10;F;52;10;10;FIXO;575990.00;558805.40;103.08
PRUDENTIAL_VIDA_INTEIRA_10;F;53;10;10;FIXO;588540.00;572930.90;102.72
PRUDENTIAL_VIDA_INTEIRA_10;F;54;10;10;FIXO;601160.00;587339.40;102.35
PRUDENTIAL_VIDA_INTEIRA_10;F;55;10;10;FIXO;613820.00;602078.20;101.95
PRUDENTIAL_VIDA_INTEIRA_10;F;56;10;10;CALCULADO;626530.00;617208.50;101.51
PRUDENTIAL_VIDA_INTEIRA_10;F;57;10;10;CALCULADO;639300.00;632824.60;101.02
PRUDENTIAL_VIDA_INTEIRA_10;F;58;10;10;CALCULADO;652170.00;649050.10;100.48
PRUDENTIAL_VIDA_INTEIRA_10;F;59;;;CALCULADO;665170.00;665993.20;99.88
PRUDENTIAL_VIDA_INTEIRA_10;F;60;;;CALCULADO;678300.00;683715.30;99.21
PRUDENTIAL_VIDA_INTEIRA_10;F;61;;;CALCULADO;691500.00;702234.40;98.47
PRUDENTIAL_VIDA_INTEIRA_10;F;62;;;CALCULADO;704710.00;721534.50;97.67
PRUDENTIAL_VIDA_INTEIRA_10;F;63;;;CALCULADO;717820.00;741534.20;96.80
PRUDENTIAL_VIDA_INTEIRA_10;F;64;;;CALCULADO;730740.00;762200.40;95.87
PRUDENTIAL_VIDA_INTEIRA_10;F;65;;;CALCULADO;743410.00;783579.30;94.87
PRUDENTIAL_VIDA_INTEIRA_10;F;66;;;CALCULADO;755810.00;805847.60;93.79
PRUDENTIAL_VIDA_INTEIRA_10;F;67;;;CALCULADO;767940.00;829268.30;92.60
PRUDENTIAL_VIDA_INTEIRA_10;F;68;;;CALCULADO;779810.00;854232.80;91.29
PRUDENTIAL_VIDA_INTEIRA_10;F;69;;;CALCULADO;791460.00;881156.70;89.82
PRUDENTIAL_VIDA_INTEIRA_10;F;70;;;CALCULADO;802870.00;910355.30;88.19
PRUDENTIAL_VIDA_INTEIRA_10;F;71;;;CALCULADO;397080.00;916320.80;43.33
PRUDENTIAL_VIDA_INTEIRA_10;F;72;;;CALCULADO;406630.00;975584.20;41.68
PRUDENTIAL_VIDA_INTEIRA_10;F;73;;;CALCULADO;415780.00;1039889.60;39.98
PRUDENTIAL_VIDA_INTEIRA_10;F;74;;;CALCULADO;424450.00;1109406.80;38.26
PRUDENTIAL_VIDA_INTEIRA_10;F;75;;;CALCULADO;432630.00;1184384.60;36.53
PRUDENTIAL_VIDA_INTEIRA_10;M;14;10;10;FIXO;259800.00;249628.00;104.07
PRUDENTIAL_VIDA_INTEIRA_10;M;15;10;10;FIXO;266270.00;256038.30;104.00
PRUDENTIAL_VIDA_INTEIRA_10;M;16;10;10;FIXO;272990.00;262447.50;104.02
PRUDENTIAL_VIDA_INTEIRA_10;M;17;10;10;FIXO;279940.00;268862.80;104.12
PRUDENTIAL_VIDA_INTEIRA_10;M;18;10;10;FIXO;287120.00;275328.30;104.28
PRUDENTIAL_VIDA_INTEIRA_10;M;19;10;10;FIXO;294530.00;281878.10;104.49
PRUDENTIAL_VIDA_INTEIRA_10;M;20;10;10;FIXO;302160.00;288559.40;104.71
PRUDENTIAL_VIDA_INTEIRA_10;M;21;10;10;FIXO;310020.00;295425.40;104.94
PRUDENTIAL_VIDA_INTEIRA_10;M;22;10;10;FIXO;318100.00;302505.20;105.16
PRUDENTIAL_VIDA_INTEIRA_10;M;23;10;10;FIXO;326380.00;309830.90;105.34
PRUDENTIAL_VIDA_INTEIRA_10;M;24;10;10;FIXO;334870.00;317437.70;105.49
PRUDENTIAL_VIDA_INTEIRA_10;M;25;10;10;FIXO;343570.00;328829.80;104.48
PRUDENTIAL_VIDA_INTEIRA_10;M;26;10;10;FIXO;352480.00;337138.30;104.55
PRUDENTIAL_VIDA_INTEIRA_10;M;27;10;10;FIXO;361570.00;345760.90;104.57
PRUDENTIAL_VIDA_INTEIRA_10;M;28;10;10;FIXO;370850.00;354690.70;104.56
PRUDENTIAL_VIDA_INTEIRA_10;M;29;10;10;FIXO;380310.00;363944.80;104.50
PRUDENTIAL_VIDA_INTEIRA_10;M;30;10;10;FIXO;389950.00;373504.90;104.40
PRUDENTIAL_VIDA_INTEIRA_10;M;31;10;10;FIXO;399760.00;383376.30;104.27
PRUDENTIAL_VIDA_INTEIRA_10;M;32;10;10;FIXO;409740.00;393556.90;104.11
PRUDENTIAL_VIDA_INTEIRA_10;M;34;10;10;FIXO;430180.00;414841.40;103.70
PRUDENTIAL_VIDA_INTEIRA_10;M;35;10;10;FIXO;440640.00;419207.00;105.11
PRUDENTIAL_VIDA_INTEIRA_10;M;36;10;10;FIXO;451260.00;421986.50;106.94
PRUDENTIAL_VIDA_INTEIRA_10;M;37;10;10;FIXO;462040.00;431069.90;107.18
PRUDENTIAL_VIDA_INTEIRA_10;M;38;10;10;FIXO;472990.00;442618.60;106.86
PRUDENTIAL_VIDA_INTEIRA_10;M;39;10;10;FIXO;484100.00;454460.40;106.52
PRUDENTIAL_VIDA_INTEIRA_10;M;40;10;10;FIXO;495360.00;466588.30;106.17
PRUDENTIAL_VIDA_INTEIRA_10;M;41;10;10;FIXO;506770.00;478995.30;105.80
PRUDENTIAL_VIDA_INTEIRA_10;M;42;10;10;FIXO;518300.00;491687.30;105.41
PRUDENTIAL_VIDA_INTEIRA_10;M;43;10;10;FIXO;529930.00;504677.50;105.00
PRUDENTIAL_VIDA_INTEIRA_10;M;44;10;10;FIXO;541650.00;517968.80;104.57
PRUDENTIAL_VIDA_INTEIRA_10;M;45;10;10;FIXO;553430.00;531582.40;104.11
PRUDENTIAL_VIDA_INTEIRA_10;M;46;10;10;FIXO;565260.00;545544.20;103.61
PRUDENTIAL_VIDA_INTEIRA_10;M;47;10;10;FIXO;577160.00;559875.50;103.09
PRUDENTIAL_VIDA_INTEIRA_10;M;48;10;10;FIXO;589120.00;574613.30;102.52
PRUDENTIAL_VIDA_INTEIRA_10;M;49;10;10;FIXO;601140.00;589791.70;101.92
PRUDENTIAL_VIDA_INTEIRA_10;M;50;10;10;FIXO;613200.00;605424.90;101.28
PRUDENTIAL_VIDA_INTEIRA_10;M;51;10;10;FIXO;625310.00;621534.90;100.61
PRUDENTIAL_VIDA_INTEIRA_10;M;52;10;;FIXO;637410.00;638102.60;99.89
PRUDENTIAL_VIDA_INTEIRA_10;M;53;10;;FIXO;649480.00;655143.10;99.14
PRUDENTIAL_VIDA_INTEIRA_10;M;54;10;;FIXO;661480.00;672643.40;98.34
PRUDENTIAL_VIDA_INTEIRA_10;M;55;10;;FIXO;673400.00;690627.40;97.51
PRUDENTIAL_VIDA_INTEIRA_10;M;56;;;CALCULADO;685220.00;709143.50;96.63
PRUDENTIAL_VIDA_INTEIRA_10;M;57;;;CALCULADO;696950.00;728269.90;95.70
PRUDENTIAL_VIDA_INTEIRA_10;M;58;;;CALCULADO;708600.00;748101.00;94.72
PRUDENTIAL_VIDA_INTEIRA_10;M;59;;;CALCULADO;720160.00;768737.10;93.68
PRUDENTIAL_VIDA_INTEIRA_10;M;60;;;CALCULADO;731620.00;790264.60;92.58
PRUDENTIAL_VIDA_INTEIRA_10;M;61;;;CALCULADO;742930.00;812744.70;91.41
PRUDENTIAL_VIDA_INTEIRA_10;M;62;;;CALCULADO;754050.00;836213.60;90.17
PRUDENTIAL_VIDA_INTEIRA_10;M;63;;;CALCULADO;764890.00;860716.30;88.87
PRUDENTIAL_VIDA_INTEIRA_10;M;64;;;CALCULADO;775410.00;886318.30;87.49
PRUDENTIAL_VIDA_INTEIRA_10;M;65;;;CALCULADO;785570.00;913130.80;86.03
PRUDENTIAL_VIDA_INTEIRA_10;M;66;;;CALCULADO;795380.00;941360.60;84.49
PRUDENTIAL_VIDA_INTEIRA_10;M;67;;;CALCULADO;804860.00;971276.90;82.87
PRUDENTIAL_VIDA_INTEIRA_10;M;68;;;CALCULADO;814060.00;1003220.80;81.14
PRUDENTIAL_VIDA_INTEIRA_10;M;69;;;CALCULADO;823030.00;1037523.70;79.33
PRUDENTIAL_VIDA_INTEIRA_10;M;70;;;CALCULADO;831780.00;1074434.40;77.42
PRUDENTIAL_VIDA_INTEIRA_10;M;71;;;CALCULADO;378730.00;1070369.00;35.38
PRUDENTIAL_VIDA_INTEIRA_10;M;72;;;CALCULADO;384110.00;1135473.50;33.83
PRUDENTIAL_VIDA_INTEIRA_10;M;73;;;CALCULADO;389200.00;1204948.50;32.30
PRUDENTIAL_VIDA_INTEIRA_10;M;74;;;CALCULADO;393860.00;1278724.80;30.80
PRUDENTIAL_VIDA_INTEIRA_10;M;75;;;CALCULADO;398050.00;1356867.60;29.34
