produto;sexo;idade;taxa_anual_por_1mm;capital_max;fonte;origem
ICATU_HORIZONTE_WL10;F;18;24078.96;;PDF;ICATU\MULHER\ICATU - MULHER - 18 ANOS.pdf
ICATU_HORIZONTE_WL10;F;19;24706.04;;PDF;ICATU\MULHER\ICATU - MULHER - 19 ANOS.pdf
ICATU_HORIZONTE_WL10;F;20;25348.34;;PDF;ICATU\MULHER\ICATU - MULHER - 20 ANOS.pdf
ICATU_HORIZONTE_WL10;F;21;26007.60;;PDF;ICATU\MULHER\ICATU - MULHER - 21 ANOS.pdf
ICATU_HORIZONTE_WL10;F;22;26685.69;;PDF;ICATU\MULHER\ICATU - MULHER - 22 ANOS.pdf
ICATU_HORIZONTE_WL10;F;23;27383.31;;PDF;ICATU\MULHER\ICATU - MULHER - 23 ANOS.pdf
ICATU_HORIZONTE_WL10;F;24;28101.22;;PDF;ICATU\MULHER\ICATU - MULHER - 24 ANOS.pdf
ICATU_HORIZONTE_WL10;F;25;28838.89;;PDF;ICATU\MULHER\ICATU - MULHER - 25 ANOS.pdf
ICATU_HORIZONTE_WL10;F;26;29598.44;;PDF;ICATU\MULHER\ICATU - MULHER - 26 ANOS.pdf
ICATU_HORIZONTE_WL10;F;27;30379.47;;PDF;ICATU\MULHER\ICATU - MULHER - 27 ANOS.pdf
ICATU_HORIZONTE_WL10;F;28;31182.98;;PDF;ICATU\MULHER\ICATU - MULHER - 28 ANOS.pdf
ICATU_HORIZONTE_WL10;F;29;32008.83;;PDF;ICATU\MULHER\ICATU - MULHER - 29 ANOS.pdf
ICATU_HORIZONTE_WL10;F;30;32858.15;;PDF;ICATU\MULHER\ICATU - MULHER - 30 ANOS.pdf
ICATU_HORIZONTE_WL10;F;31;33730.98;;PDF;ICATU\MULHER\ICATU - MULHER - 31 ANOS.pdf
ICATU_HORIZONTE_WL10;F;32;34628.73;;PDF;ICATU\MULHER\ICATU - MULHER - 32 ANOS.pdf
ICATU_HORIZONTE_WL10;F;33;35552.93;;PDF;ICATU\MULHER\ICATU - MULHER - 33 ANOS.pdf
ICATU_HORIZONTE_WL10;F;34;36505.29;;PDF;ICATU\MULHER\ICATU - MULHER - 34 ANOS.pdf
ICATU_HORIZONTE_WL10;F;35;37483.82;;PDF;ICATU\MULHER\ICATU - MULHER - 35 ANOS.pdf
ICATU_HORIZONTE_WL10;F;36;38491.51;;PDF;ICATU\MULHER\ICATU - MULHER - 36 ANOS.pdf
ICATU_HORIZONTE_WL10;F;37;39525.28;;PDF;ICATU\MULHER\ICATU - MULHER - 37 ANOS.pdf
ICATU_HORIZONTE_WL10;F;38;40584.38;;PDF;ICATU\MULHER\ICATU - MULHER - 38 ANOS.pdf
ICATU_HORIZONTE_WL10;F;39;41668.04;;PDF;ICATU\MULHER\ICATU - MULHER - 39 ANOS.pdf
ICATU_HORIZONTE_WL10;F;40;42774.28;;PDF;ICATU\MULHER\ICATU - MULHER - 40 ANOS.pdf
ICATU_HORIZONTE_WL10;F;41;43902.28;;PDF;ICATU\MULHER\ICATU - MULHER - 41 ANOS.pdf
ICATU_HORIZONTE_WL10;F;42;45051.31;;PDF;ICATU\MULHER\ICATU - MULHER - 42 ANOS.pdf
ICATU_HORIZONTE_WL10;F;43;46221.88;;PDF;ICATU\MULHER\ICATU - MULHER - 43 ANOS.pdf
ICATU_HORIZONTE_WL10;F;44;47417.24;;PDF;ICATU\MULHER\ICATU - MULHER - 44 ANOS.pdf
ICATU_HORIZONTE_WL10;F;45;48638.63;;PDF;ICATU\MULHER\ICATU - MULHER - 45 ANOS.pdf
ICATU_HORIZONTE_WL10;F;46;49887.40;;PDF;ICATU\MULHER\ICATU - MULHER - 46 ANOS.pdf
ICATU_HORIZONTE_WL10;F;47;51166.39;;PDF;ICATU\MULHER\ICATU - MULHER - 47 ANOS.pdf
ICATU_HORIZONTE_WL10;F;48;52477.42;;PDF;ICATU\MULHER\ICATU - MULHER - 48 ANOS.pdf
ICATU_HORIZONTE_WL10;F;49;53819.80;;PDF;ICATU\MULHER\ICATU - MULHER - 49 ANOS.pdf
ICATU_HORIZONTE_WL10;F;50;55193.97;;PDF;ICATU\MULHER\ICATU - MULHER - 50 ANOS.pdf
ICATU_HORIZONTE_WL10;F;51;56599.24;;PDF;ICATU\MULHER\ICATU - MULHER - 51 ANOS.pdf
ICATU_HORIZONTE_WL10;F;52;58036.36;;PDF;ICATU\MULHER\ICATU - MULHER - 52 ANOS.pdf
ICATU_HORIZONTE_WL10;F;53;59504.23;;PDF;ICATU\MULHER\ICATU - MULHER - 53 ANOS.pdf
ICATU_HORIZONTE_WL10;F;54;60999.88;;PDF;ICATU\MULHER\ICATU - MULHER - 54 ANOS.pdf
ICATU_HORIZONTE_WL10;F;55;62527.70;;PDF;ICATU\MULHER\ICATU - MULHER - 55 ANOS.pdf
ICATU_HORIZONTE_WL10;F;56;64092.13;;PDF;ICATU\MULHER\ICATU - MULHER - 56 ANOS.pdf
ICATU_HORIZONTE_WL10;F;57;65701.25;;PDF;ICATU\MULHER\ICATU - MULHER - 57 ANOS.pdf
ICATU_HORIZONTE_WL10;F;58;67366.98;;PDF;ICATU\MULHER\ICATU - MULHER - 58 ANOS.pdf
ICATU_HORIZONTE_WL10;F;59;69102.62;;PDF;ICATU\MULHER\ICATU - MULHER - 59 ANOS.pdf
ICATU_HORIZONTE_WL10;F;60;70916.33;;PDF;ICATU\MULHER\ICATU - MULHER - 60 ANOS.pdf
ICATU_HORIZONTE_WL10;F;61;72813.86;;PDF;ICATU\MULHER\ICATU - MULHER - 61 ANOS.pdf
ICATU_HORIZONTE_WL10;F;62;74793.77;;PDF;ICATU\MULHER\ICATU - MULHER - 62 ANOS.pdf
ICATU_HORIZONTE_WL10;F;63;76851.33;;PDF;ICATU\MULHER\ICATU - MULHER - 63 ANOS.pdf
ICATU_HORIZONTE_WL10;F;64;78976.30;;PDF;ICATU\MULHER\ICATU - MULHER - 64 ANOS.pdf
ICATU_HORIZONTE_WL10;F;65;81168.72;;PDF;ICATU\MULHER\ICATU - MULHER - 65 ANOS.pdf
ICATU_HORIZONTE_WL10;F;66;83440.16;;PDF;ICATU\MULHER\ICATU - MULHER - 66 ANOS.pdf
ICATU_HORIZONTE_WL10;F;67;85812.00;;PDF;ICATU\MULHER\ICATU - MULHER - 67 ANOS.pdf
ICATU_HORIZONTE_WL10;F;68;88317.77;;PDF;ICATU\MULHER\ICATU - MULHER - 68 ANOS.pdf
ICATU_HORIZONTE_WL10;F;69;91003.28;;PDF;ICATU\MULHER\ICATU - MULHER - 69 ANOS.pdf
ICATU_HORIZONTE_WL10;F;70;93904.98;;PDF;ICATU\MULHER\ICATU - MULHER - 70 ANOS.pdf
ICATU_HORIZONTE_WL10;F;71;97051.07;;PDF;ICATU\MULHER\ICATU - MULHER - 71 ANOS.pdf
ICATU_HORIZONTE_WL10;F;72;100458.69;;PDF;ICATU\MULHER\ICATU - MULHER - 72 ANOS.pdf
ICATU_HORIZONTE_WL10;F;73;104131.53;;PDF;ICATU\MULHER\ICATU - MULHER - 73 ANOS.pdf
ICATU_HORIZONTE_WL10;F;74;108068.04;;PDF;ICATU\MULHER\ICATU - MULHER - 74 ANOS.pdf
ICATU_HORIZONTE_WL10;F;75;112275.39;;PDF;ICATU\MULHER\ICATU - MULHER - 75 ANOS.pdf
ICATU_HORIZONTE_WL10;M;18;27780.95;;PDF;ICATU\HOMEM\ICATU - HOMEM - 18 ANOS.pdf
ICATU_HORIZONTE_WL10;M;19;28443.37;;PDF;ICATU\HOMEM\ICATU - HOMEM - 19 ANOS.pdf
ICATU_HORIZONTE_WL10;M;20;29116.70;;PDF;ICATU\HOMEM\ICATU - HOMEM - 20 ANOS.pdf
ICATU_HORIZONTE_WL10;M;21;29806.07;;PDF;ICATU\HOMEM\ICATU - HOMEM - 21 ANOS.pdf
ICATU_HORIZONTE_WL10;M;22;30515.63;;PDF;ICATU\HOMEM\ICATU - HOMEM - 22 ANOS.pdf
ICATU_HORIZONTE_WL10;M;23;31249.85;;PDF;ICATU\HOMEM\ICATU - HOMEM - 23 ANOS.pdf
ICATU_HORIZONTE_WL10;M;24;32010.95;;PDF;ICATU\HOMEM\ICATU - HOMEM - 24 ANOS.pdf
ICATU_HORIZONTE_WL10;M;25;32801.33;;PDF;ICATU\HOMEM\ICATU - HOMEM - 25 ANOS.pdf
ICATU_HORIZONTE_WL10;M;26;33623.62;;PDF;ICATU\HOMEM\ICATU - HOMEM - 26 ANOS.pdf
ICATU_HORIZONTE_WL10;M;27;34478.12;;PDF;ICATU\HOMEM\ICATU - HOMEM - 27 ANOS.pdf
ICATU_HORIZONTE_WL10;M;28;35364.00;;PDF;ICATU\HOMEM\ICATU - HOMEM - 28 ANOS.pdf
ICATU_HORIZONTE_WL10;M;29;36281.69;;PDF;ICATU\HOMEM\ICATU - HOMEM - 29 ANOS.pdf
ICATU_HORIZONTE_WL10;M;30;37230.53;;PDF;ICATU\HOMEM\ICATU - HOMEM - 30 ANOS.pdf
ICATU_HORIZONTE_WL10;M;31;38211.15;;PDF;ICATU\HOMEM\ICATU - HOMEM - 31 ANOS.pdf
ICATU_HORIZONTE_WL10;M;32;39221.80;;PDF;ICATU\HOMEM\ICATU - HOMEM - 32 ANOS.pdf
ICATU_HORIZONTE_WL10;M;33;40264.53;;PDF;ICATU\HOMEM\ICATU - HOMEM - 33 ANOS.pdf
ICATU_HORIZONTE_WL10;M;34;41337.83;;PDF;ICATU\HOMEM\ICATU - HOMEM - 34 ANOS.pdf
ICATU_HORIZONTE_WL10;M;35;42442.70;;PDF;ICATU\HOMEM\ICATU - HOMEM - 35 ANOS.pdf
ICATU_HORIZONTE_WL10;M;36;43579.04;;PDF;ICATU\HOMEM\ICATU - HOMEM - 36 ANOS.pdf
ICATU_HORIZONTE_WL10;M;37;44746.93;;PDF;ICATU\HOMEM\ICATU - HOMEM - 37 ANOS.pdf
ICATU_HORIZONTE_WL10;M;38;45945.25;;PDF;ICATU\HOMEM\ICATU - HOMEM - 38 ANOS.pdf
ICATU_HORIZONTE_WL10;M;39;47174.17;;PDF;ICATU\HOMEM\ICATU - HOMEM - 39 ANOS.pdf
ICATU_HORIZONTE_WL10;M;40;48432.73;;PDF;ICATU\HOMEM\ICATU - HOMEM - 40 ANOS.pdf
ICATU_HORIZONTE_WL10;M;41;49721.35;;PDF;ICATU\HOMEM\ICATU - HOMEM - 41 ANOS.pdf
ICATU_HORIZONTE_WL10;M;42;51038.13;;PDF;ICATU\HOMEM\ICATU - HOMEM - 42 ANOS.pdf
ICATU_HORIZONTE_WL10;M;43;52386.44;;PDF;ICATU\HOMEM\ICATU - HOMEM - 43 ANOS.pdf
ICATU_HORIZONTE_WL10;M;44;53765.22;;PDF;ICATU\HOMEM\ICATU - HOMEM - 44 ANOS.pdf
ICATU_HORIZONTE_WL10;M;45;55177.59;;PDF;ICATU\HOMEM\ICATU - HOMEM - 45 ANOS.pdf
ICATU_HORIZONTE_WL10;M;46;56623.57;;PDF;ICATU\HOMEM\ICATU - HOMEM - 46 ANOS.pdf
ICATU_HORIZONTE_WL10;M;47;58107.38;;PDF;ICATU\HOMEM\ICATU - HOMEM - 47 ANOS.pdf
ICATU_HORIZONTE_WL10;M;48;59631.50;;PDF;ICATU\HOMEM\ICATU - HOMEM - 48 ANOS.pdf
ICATU_HORIZONTE_WL10;M;49;61200.15;;PDF;ICATU\HOMEM\ICATU - HOMEM - 49 ANOS.pdf
ICATU_HORIZONTE_WL10;M;50;62814.47;;PDF;ICATU\HOMEM\ICATU - HOMEM - 50 ANOS.pdf
ICATU_HORIZONTE_WL10;M;51;64478.76;;PDF;ICATU\HOMEM\ICATU - HOMEM - 51 ANOS.pdf
ICATU_HORIZONTE_WL10;M;52;66190.68;;PDF;ICATU\HOMEM\ICATU - HOMEM - 52 ANOS.pdf
ICATU_HORIZONTE_WL10;M;53;67951.01;;PDF;ICATU\HOMEM\ICATU - HOMEM - 53 ANOS.pdf
ICATU_HORIZONTE_WL10;M;54;69759.08;;PDF;ICATU\HOMEM\ICATU - HOMEM - 54 ANOS.pdf
ICATU_HORIZONTE_WL10;M;55;71613.98;;PDF;ICATU\HOMEM\ICATU - HOMEM - 55 ANOS.pdf
ICATU_HORIZONTE_WL10;M;56;73521.16;;PDF;ICATU\HOMEM\ICATU - HOMEM - 56 ANOS.pdf
ICATU_HORIZONTE_WL10;M;57;75485.09;;PDF;ICATU\HOMEM\ICATU - HOMEM - 57 ANOS.pdf
ICATU_HORIZONTE_WL10;M;58;77516.93;;PDF;ICATU\HOMEM\ICATU - HOMEM - 58 ANOS.pdf
ICATU_HORIZONTE_WL10;M;59;79626.00;;PDF;ICATU\HOMEM\ICATU - HOMEM - 59 ANOS.pdf
ICATU_HORIZONTE_WL10;M;60;81822.29;;PDF;ICATU\HOMEM\ICATU - HOMEM - 60 ANOS.pdf
ICATU_HORIZONTE_WL10;M;61;84111.48;;PDF;ICATU\HOMEM\ICATU - HOMEM - 61 ANOS.pdf
ICATU_HORIZONTE_WL10;M;62;86499.28;;PDF;ICATU\HOMEM\ICATU - HOMEM - 62 ANOS.pdf
ICATU_HORIZONTE_WL10;M;63;88989.14;;PDF;ICATU\HOMEM\ICATU - HOMEM - 63 ANOS.pdf
ICATU_HORIZONTE_WL10;M;64;91583.87;;PDF;ICATU\HOMEM\ICATU - HOMEM - 64 ANOS.pdf
ICATU_HORIZONTE_WL10;M;65;94291.58;;PDF;ICATU\HOMEM\ICATU - HOMEM - 65 ANOS.pdf
ICATU_HORIZONTE_WL10;M;66;97125.85;;PDF;ICATU\HOMEM\ICATU - HOMEM - 66 ANOS.pdf
ICATU_HORIZONTE_WL10;M;67;100111.58;;PDF;ICATU\HOMEM\ICATU - HOMEM - 67 ANOS.pdf
ICATU_HORIZONTE_WL10;M;68;103277.45;;PDF;ICATU\HOMEM\ICATU - HOMEM - 68 ANOS.pdf
ICATU_HORIZONTE_WL10;M;69;106657.57;;PDF;ICATU\HOMEM\ICATU - HOMEM - 69 ANOS.pdf
ICATU_HORIZONTE_WL10;M;70;110281.66;;PDF;ICATU\HOMEM\ICATU - HOMEM - 70 ANOS.pdf
ICATU_HORIZONTE_WL10;M;71;114166.01;;PDF;ICATU\HOMEM\ICATU - HOMEM - 71 ANOS.pdf
ICATU_HORIZONTE_WL10;M;72;118318.36;;PDF;ICATU\HOMEM\ICATU - HOMEM - 72 ANOS.pdf
ICATU_HORIZONTE_WL10;M;73;122733.33;;PDF;ICATU\HOMEM\ICATU - HOMEM - 73 ANOS.pdf
ICATU_HORIZONTE_WL10;M;74;127394.97;;PDF;ICATU\HOMEM\ICATU - HOMEM - 74 ANOS.pdf
ICATU_HORIZONTE_WL10;M;75;132300.54;;PDF;ICATU\HOMEM\ICATU - HOMEM - 75 ANOS.pdf
MAG_WL_INTEGRAL_10;F;16;23123.02;;PDF;MAG\MULHER\MAG - MULHER - 16 ANOS.pdf
MAG_WL_INTEGRAL_10;F;17;23692.29;;PDF;MAG\MULHER\MAG - MULHER - 17 ANOS.pdf
MAG_WL_INTEGRAL_10;F;18;24272.34;;PDF;MAG\MULHER\MAG - MULHER - 18 ANOS.pdf
MAG_WL_INTEGRAL_10;F;19;24860.42;;PDF;MAG\MULHER\MAG - MULHER - 19 ANOS.pdf
MAG_WL_INTEGRAL_10;F;20;25456.91;;PDF;MAG\MULHER\MAG - MULHER - 20 ANOS.pdf
MAG_WL_INTEGRAL_10;F;21;26062.83;;PDF;MAG\MULHER\MAG - MULHER - 21 ANOS.pdf
MAG_WL_INTEGRAL_10;F;22;26680.39;;PDF;MAG\MULHER\MAG - MULHER - 22 ANOS.pdf
MAG_WL_INTEGRAL_10;F;23;27311.18;;PDF;MAG\MULHER\MAG - MULHER - 23 ANOS.pdf
MAG_WL_INTEGRAL_10;F;24;27957.19;;PDF;MAG\MULHER\MAG - MULHER - 24 ANOS.pdf
MAG_WL_INTEGRAL_10;F;25;28620.58;;PDF;MAG\MULHER\MAG - MULHER - 25 ANOS.pdf
MAG_WL_INTEGRAL_10;F;26;29302.49;;PDF;MAG\MULHER\MAG - MULHER - 26 ANOS.pdf
MAG_WL_INTEGRAL_10;F;27;30001.83;;PDF;MAG\MULHER\MAG - MULHER - 27 ANOS.pdf
MAG_WL_INTEGRAL_10;F;28;30718.64;;PDF;MAG\MULHER\MAG - MULHER - 28 ANOS.pdf
MAG_WL_INTEGRAL_10;F;29;31452.54;;PDF;MAG\MULHER\MAG - MULHER - 29 ANOS.pdf
MAG_WL_INTEGRAL_10;F;30;32204.04;;PDF;MAG\MULHER\MAG - MULHER - 30 ANOS.pdf
MAG_WL_INTEGRAL_10;F;31;32973.35;;PDF;MAG\MULHER\MAG - MULHER - 31 ANOS.pdf
MAG_WL_INTEGRAL_10;F;32;33761.26;;PDF;MAG\MULHER\MAG - MULHER - 32 ANOS.pdf
MAG_WL_INTEGRAL_10;F;33;34568.12;;PDF;MAG\MULHER\MAG - MULHER - 33 ANOS.pdf
MAG_WL_INTEGRAL_10;F;34;35393.87;;PDF;MAG\MULHER\MAG - MULHER - 34 ANOS.pdf
MAG_WL_INTEGRAL_10;F;35;36238.96;;PDF;MAG\MULHER\MAG - MULHER - 35 ANOS.pdf
MAG_WL_INTEGRAL_10;F;36;37103.83;;PDF;MAG\MULHER\MAG - MULHER - 36 ANOS.pdf
MAG_WL_INTEGRAL_10;F;37;37990.31;;PDF;MAG\MULHER\MAG - MULHER - 37 ANOS.pdf
MAG_WL_INTEGRAL_10;F;38;38898.96;;PDF;MAG\MULHER\MAG - MULHER - 38 ANOS.pdf
MAG_WL_INTEGRAL_10;F;39;39830.56;;PDF;MAG\MULHER\MAG - MULHER - 39 ANOS.pdf
MAG_WL_INTEGRAL_10;F;40;40784.91;;PDF;MAG\MULHER\MAG - MULHER - 40 ANOS.pdf
MAG_WL_INTEGRAL_10;F;41;41761.84;;PDF;MAG\MULHER\MAG - MULHER - 41 ANOS.pdf
MAG_WL_INTEGRAL_10;F;42;42760.24;;PDF;MAG\MULHER\MAG - MULHER - 42 ANOS.pdf
MAG_WL_INTEGRAL_10;F;43;43781.49;;PDF;MAG\MULHER\MAG - MULHER - 43 ANOS.pdf
MAG_WL_INTEGRAL_10;F;44;44827.05;;PDF;MAG\MULHER\MAG - MULHER - 44 ANOS.pdf
MAG_WL_INTEGRAL_10;F;45;45899.49;;PDF;MAG\MULHER\MAG - MULHER - 45 ANOS.pdf
MAG_WL_INTEGRAL_10;F;46;46999.79;;PDF;MAG\MULHER\MAG - MULHER - 46 ANOS.pdf
MAG_WL_INTEGRAL_10;F;47;48129.17;;PDF;MAG\MULHER\MAG - MULHER - 47 ANOS.pdf
MAG_WL_INTEGRAL_10;F;48;49286.03;;PDF;MAG\MULHER\MAG - MULHER - 48 ANOS.pdf
MAG_WL_INTEGRAL_10;F;49;50470.79;;PDF;MAG\MULHER\MAG - MULHER - 49 ANOS.pdf
MAG_WL_INTEGRAL_10;F;50;51684.72;;PDF;MAG\MULHER\MAG - MULHER - 50 ANOS.pdf
MAG_WL_INTEGRAL_10;F;51;52932.22;;PDF;MAG\MULHER\MAG - MULHER - 51 ANOS.pdf
MAG_WL_INTEGRAL_10;F;52;54216.61;;PDF;MAG\MULHER\MAG - MULHER - 52 ANOS.pdf
MAG_WL_INTEGRAL_10;F;53;55544.58;;PDF;MAG\MULHER\MAG - MULHER - 53 ANOS.pdf
MAG_WL_INTEGRAL_10;F;54;56920.08;;PDF;MAG\MULHER\MAG - MULHER - 54 ANOS.pdf
MAG_WL_INTEGRAL_10;F;55;58345.58;;PDF;MAG\MULHER\MAG - MULHER - 55 ANOS.pdf
MAG_WL_INTEGRAL_10;F;56;59820.88;;PDF;MAG\MULHER\MAG - MULHER - 56 ANOS.pdf
MAG_WL_INTEGRAL_10;F;57;61349.32;;PDF;MAG\MULHER\MAG - MULHER - 57 ANOS.pdf
MAG_WL_INTEGRAL_10;F;58;62935.00;;PDF;MAG\MULHER\MAG - MULHER - 58 ANOS.pdf
MAG_WL_INTEGRAL_10;F;59;64582.81;;PDF;MAG\MULHER\MAG - MULHER - 59 ANOS.pdf
MAG_WL_INTEGRAL_10;F;60;66299.04;;PDF;MAG\MULHER\MAG - MULHER - 60 ANOS.pdf
MAG_WL_INTEGRAL_10;F;61;68088.71;;PDF;MAG\MULHER\MAG - MULHER - 61 ANOS.pdf
MAG_WL_INTEGRAL_10;F;62;69854.63;;PDF;MAG\MULHER\MAG - MULHER - 62 ANOS.pdf
MAG_WL_INTEGRAL_10;F;63;71578.26;;PDF;MAG\MULHER\MAG - MULHER - 63 ANOS.pdf
MAG_WL_INTEGRAL_10;F;64;73246.21;;PDF;MAG\MULHER\MAG - MULHER - 64 ANOS.pdf
MAG_WL_INTEGRAL_10;F;65;74834.66;;PDF;MAG\MULHER\MAG - MULHER - 65 ANOS.pdf
MAG_WL_INTEGRAL_10;F;66;76326.09;;PDF;MAG\MULHER\MAG - MULHER - 66 ANOS.pdf
MAG_WL_INTEGRAL_10;F;67;77687.64;;PDF;MAG\MULHER\MAG - MULHER - 67 ANOS.pdf
MAG_WL_INTEGRAL_10;F;68;78888.61;;PDF;MAG\MULHER\MAG - MULHER - 68 ANOS.pdf
MAG_WL_INTEGRAL_10;F;69;79881.61;;PDF;MAG\MULHER\MAG - MULHER - 69 ANOS.pdf
MAG_WL_INTEGRAL_10;F;70;80625.18;;PDF;MAG\MULHER\MAG - MULHER - 70 ANOS.pdf
MAG_WL_INTEGRAL_10;F;71;82647.63;;PDF;MAG\MULHER\MAG - MULHER - 71 ANOS.pdf
MAG_WL_INTEGRAL_10;F;72;84786.17;;PDF;MAG\MULHER\MAG - MULHER - 72 ANOS.pdf
MAG_WL_INTEGRAL_10;F;73;87054.77;;PDF;MAG\MULHER\MAG - MULHER - 73 ANOS.pdf
MAG_WL_INTEGRAL_10;F;74;89488.45;;PDF;MAG\MULHER\MAG - MULHER - 74 ANOS.pdf
MAG_WL_INTEGRAL_10;F;75;92070.20;;PDF;MAG\MULHER\MAG - MULHER - 75 ANOS.pdf
MAG_WL_INTEGRAL_10;F;76;94829.23;;PDF;MAG\MULHER\MAG - MULHER - 76 ANOS.pdf
MAG_WL_INTEGRAL_10;F;77;97779.79;;PDF;MAG\MULHER\MAG - MULHER - 77 ANOS.pdf
MAG_WL_INTEGRAL_10;F;78;101004.46;;PDF;MAG\MULHER\MAG - MULHER - 78 ANOS.pdf
MAG_WL_INTEGRAL_10;F;79;104510.16;;PDF;MAG\MULHER\MAG - MULHER - 79 ANOS.pdf
MAG_WL_INTEGRAL_10;F;80;108331.19;;PDF;MAG\MULHER\MAG - MULHER - 80 ANOS.pdf
MAG_WL_INTEGRAL_10;M;16;26431.48;;PDF;MAG\HOMEM_\MAG - HOMEM - 16 ANOS.pdf
MAG_WL_INTEGRAL_10;M;17;27061.63;;PDF;MAG\HOMEM_\MAG - HOMEM - 17 ANOS.pdf
MAG_WL_INTEGRAL_10;M;18;27689.34;;PDF;MAG\HOMEM_\MAG - HOMEM - 18 ANOS.pdf
MAG_WL_INTEGRAL_10;M;19;28302.44;;PDF;MAG\HOMEM_\MAG - HOMEM - 19 ANOS.pdf
MAG_WL_INTEGRAL_10;M;20;28910.50;;PDF;MAG\HOMEM_\MAG - HOMEM - 20 ANOS.pdf
MAG_WL_INTEGRAL_10;M;21;29523.17;;PDF;MAG\HOMEM_\MAG - HOMEM - 21 ANOS.pdf
MAG_WL_INTEGRAL_10;M;22;30151.63;;PDF;MAG\HOMEM_\MAG - HOMEM - 22 ANOS.pdf
MAG_WL_INTEGRAL_10;M;23;30796.38;;PDF;MAG\HOMEM_\MAG - HOMEM - 23 ANOS.pdf
MAG_WL_INTEGRAL_10;M;24;31464.62;;PDF;MAG\HOMEM_\MAG - HOMEM - 24 ANOS.pdf
MAG_WL_INTEGRAL_10;M;25;32154.42;;PDF;MAG\HOMEM_\MAG - HOMEM - 25 ANOS.pdf
MAG_WL_INTEGRAL_10;M;26;32865.23;;PDF;MAG\HOMEM_\MAG - HOMEM - 26 ANOS.pdf
MAG_WL_INTEGRAL_10;M;27;33596.22;;PDF;MAG\HOMEM_\MAG - HOMEM - 27 ANOS.pdf
MAG_WL_INTEGRAL_10;M;28;34348.84;;PDF;MAG\HOMEM_\MAG - HOMEM - 28 ANOS.pdf
MAG_WL_INTEGRAL_10;M;29;35124.30;;PDF;MAG\HOMEM_\MAG - HOMEM - 29 ANOS.pdf
MAG_WL_INTEGRAL_10;M;30;35920.11;;PDF;MAG\HOMEM_\MAG - HOMEM - 30 ANOS.pdf
MAG_WL_INTEGRAL_10;M;31;36736.71;;PDF;MAG\HOMEM_\MAG - HOMEM - 31 ANOS.pdf
MAG_WL_INTEGRAL_10;M;32;37574.43;;PDF;MAG\HOMEM_\MAG - HOMEM - 32 ANOS.pdf
MAG_WL_INTEGRAL_10;M;33;38433.67;;PDF;MAG\HOMEM_\MAG - HOMEM - 33 ANOS.pdf
MAG_WL_INTEGRAL_10;M;34;39314.02;;PDF;MAG\HOMEM_\MAG - HOMEM - 34 ANOS.pdf
MAG_WL_INTEGRAL_10;M;35;40217.61;;PDF;MAG\HOMEM_\MAG - HOMEM - 35 ANOS.pdf
MAG_WL_INTEGRAL_10;M;36;41145.36;;PDF;MAG\HOMEM_\MAG - HOMEM - 36 ANOS.pdf
MAG_WL_INTEGRAL_10;M;37;42096.87;;PDF;MAG\HOMEM_\MAG - HOMEM - 37 ANOS.pdf
MAG_WL_INTEGRAL_10;M;38;43069.42;;PDF;MAG\HOMEM_\MAG - HOMEM - 38 ANOS.pdf
MAG_WL_INTEGRAL_10;M;39;44067.47;;PDF;MAG\HOMEM_\MAG - HOMEM - 39 ANOS.pdf
MAG_WL_INTEGRAL_10;M;40;45093.84;;PDF;MAG\HOMEM_\MAG - HOMEM - 40 ANOS.pdf
MAG_WL_INTEGRAL_10;M;41;46147.74;;PDF;MAG\HOMEM_\MAG - HOMEM - 41 ANOS.pdf
MAG_WL_INTEGRAL_10;M;42;47228.26;;PDF;MAG\HOMEM_\MAG - HOMEM - 42 ANOS.pdf
MAG_WL_INTEGRAL_10;M;43;48334.26;;PDF;MAG\HOMEM_\MAG - HOMEM - 43 ANOS.pdf
MAG_WL_INTEGRAL_10;M;44;49471.62;;PDF;MAG\HOMEM_\MAG - HOMEM - 44 ANOS.pdf
MAG_WL_INTEGRAL_10;M;45;50641.77;;PDF;MAG\HOMEM_\MAG - HOMEM - 45 ANOS.pdf
MAG_WL_INTEGRAL_10;M;46;51846.93;;PDF;MAG\HOMEM_\MAG - HOMEM - 46 ANOS.pdf
MAG_WL_INTEGRAL_10;M;47;53087.86;;PDF;MAG\HOMEM_\MAG - HOMEM - 47 ANOS.pdf
MAG_WL_INTEGRAL_10;M;48;54365.76;;PDF;MAG\HOMEM_\MAG - HOMEM - 48 ANOS.pdf
MAG_WL_INTEGRAL_10;M;49;55678.31;;PDF;MAG\HOMEM_\MAG - HOMEM - 49 ANOS.pdf
MAG_WL_INTEGRAL_10;M;50;57032.22;;PDF;MAG\HOMEM_\MAG - HOMEM - 50 ANOS.pdf
MAG_WL_INTEGRAL_10;M;51;58418.54;;PDF;MAG\HOMEM_\MAG - HOMEM - 51 ANOS.pdf
MAG_WL_INTEGRAL_10;M;52;59839.46;;PDF;MAG\HOMEM_\MAG - HOMEM - 52 ANOS.pdf
MAG_WL_INTEGRAL_10;M;53;61295.06;;PDF;MAG\HOMEM_\MAG - HOMEM - 53 ANOS.pdf
MAG_WL_INTEGRAL_10;M;54;62788.36;;PDF;MAG\HOMEM_\MAG - HOMEM - 54 ANOS.pdf
MAG_WL_INTEGRAL_10;M;55;64338.50;;PDF;MAG\HOMEM_\MAG - HOMEM - 55 ANOS.pdf
MAG_WL_INTEGRAL_10;M;56;65937.59;;PDF;MAG\HOMEM_\MAG - HOMEM - 56 ANOS.pdf
MAG_WL_INTEGRAL_10;M;57;67599.34;;PDF;MAG\HOMEM_\MAG - HOMEM - 57 ANOS.pdf
MAG_WL_INTEGRAL_10;M;58;69321.30;;PDF;MAG\HOMEM_\MAG - HOMEM - 58 ANOS.pdf
MAG_WL_INTEGRAL_10;M;59;71126.86;;PDF;MAG\HOMEM_\MAG - HOMEM - 59 ANOS.pdf
MAG_WL_INTEGRAL_10;M;60;72996.92;;PDF;MAG\HOMEM_\MAG - HOMEM - 60 ANOS.pdf
MAG_WL_INTEGRAL_10;M;61;74948.63;;PDF;MAG\HOMEM_\MAG - HOMEM - 61 ANOS.pdf
MAG_WL_INTEGRAL_10;M;62;76873.54;;PDF;MAG\HOMEM_\MAG - HOMEM - 62 ANOS.pdf
MAG_WL_INTEGRAL_10;M;63;78780.16;;PDF;MAG\HOMEM_\MAG - HOMEM - 63 ANOS.pdf
MAG_WL_INTEGRAL_10;M;64;80638.33;;PDF;MAG\HOMEM_\MAG - HOMEM - 64 ANOS.pdf
MAG_WL_INTEGRAL_10;M;65;82420.76;;PDF;MAG\HOMEM_\MAG - HOMEM - 65 ANOS.pdf
MAG_WL_INTEGRAL_10;M;66;84119.76;;PDF;MAG\HOMEM_\MAG - HOMEM - 66 ANOS.pdf
MAG_WL_INTEGRAL_10;M;67;85701.91;;PDF;MAG\HOMEM_\MAG - HOMEM - 67 ANOS.pdf
MAG_WL_INTEGRAL_10;M;68;87156.90;;PDF;MAG\HOMEM_\MAG - HOMEM - 68 ANOS.pdf
MAG_WL_INTEGRAL_10;M;69;88405.02;;PDF;MAG\HOMEM_\MAG - HOMEM - 69 ANOS.pdf
MAG_WL_INTEGRAL_10;M;70;89427.74;;PDF;MAG\HOMEM_\MAG - HOMEM - 70 ANOS.pdf
MAG_WL_INTEGRAL_10;M;71;91880.93;;PDF;MAG\HOMEM_\MAG - HOMEM - 71 ANOS.pdf
MAG_WL_INTEGRAL_10;M;72;94454.75;;PDF;MAG\HOMEM_\MAG - HOMEM - 72 ANOS.pdf
MAG_WL_INTEGRAL_10;M;73;97118.57;;PDF;MAG\HOMEM_\MAG - HOMEM - 73 ANOS.pdf
MAG_WL_INTEGRAL_10;M;74;99869.33;;PDF;MAG\HOMEM_\MAG - HOMEM - 74 ANOS.pdf
MAG_WL_INTEGRAL_10;M;75;102750.90;;PDF;MAG\HOMEM_\MAG - HOMEM - 75 ANOS.pdf
MAG_WL_INTEGRAL_10;M;76;105935.52;;PDF;MAG\HOMEM_\MAG - HOMEM - 76 ANOS.pdf
MAG_WL_INTEGRAL_10;M;77;109366.00;;PDF;MAG\HOMEM_\MAG - HOMEM - 77 ANOS.pdf
MAG_WL_INTEGRAL_10;M;78;113059.34;;PDF;MAG\HOMEM_\MAG - HOMEM - 78 ANOS.pdf
MAG_WL_INTEGRAL_10;M;79;116977.06;;PDF;MAG\HOMEM_\MAG - HOMEM - 79 ANOS.pdf
MAG_WL_INTEGRAL_10;M;80;121344.73;;PDF;MAG\HOMEM_\MAG - HOMEM - 80 ANOS.pdf
MAG_WL_SUCESSAO_10;F;16;17841.53;;PDF;MAG\SUCESSÃO MULHER\MAG - MULHER - 16 ANOS.pdf
MAG_WL_SUCESSAO_10;F;17;18282.50;;PDF;MAG\SUCESSÃO MULHER\MAG - MULHER - 17 ANOS.pdf
MAG_WL_SUCESSAO_10;F;18;18734.28;;PDF;MAG\SUCESSÃO MULHER\MAG - MULHER - 18 ANOS.pdf
MAG_WL_SUCESSAO_10;F;19;19197.14;;PDF;MAG\SUCESSÃO MULHER\MAG - MULHER - 19 ANOS.pdf
MAG_WL_SUCESSAO_10;F;20;19671.43;;PDF;MAG\SUCESSÃO MULHER\MAG - MULHER - 20 ANOS.pdf
MAG_WL_SUCESSAO_10;F;21;20157.44;;PDF;MAG\SUCESSÃO MULHER\MAG - MULHER - 21 ANOS.pdf
MAG_WL_SUCESSAO_10;F;22;20655.53;;PDF;MAG\SUCESSÃO MULHER\MAG - MULHER - 22 ANOS.pdf
MAG_WL_SUCESSAO_10;F;23;21166.00;;PDF;MAG\SUCESSÃO MULHER\MAG - MULHER - 23 ANOS.pdf
MAG_WL_SUCESSAO_10;F;24;21689.18;;PDF;MAG\SUCESSÃO MULHER\MAG - MULHER - 24 ANOS.pdf
MAG_WL_SUCESSAO_10;F;25;22225.32;;PDF;MAG\SUCESSÃO MULHER\MAG - MULHER - 25 ANOS.pdf
MAG_WL_SUCESSAO_10;F;26;22774.82;;PDF;MAG\SUCESSÃO MULHER\MAG - MULHER - 26 ANOS.pdf
MAG_WL_SUCESSAO_10;F;27;23337.96;;PDF;MAG\SUCESSÃO MULHER\MAG - MULHER - 27 ANOS.pdf
MAG_WL_SUCESSAO_10;F;28;23915.02;;PDF;MAG\SUCESSÃO MULHER\MAG - MULHER - 28 ANOS.pdf
MAG_WL_SUCESSAO_10;F;29;24506.39;;PDF;MAG\SUCESSÃO MULHER\MAG - MULHER - 29 ANOS.pdf
MAG_WL_SUCESSAO_10;F;30;25112.41;;PDF;MAG\SUCESSÃO MULHER\MAG - MULHER - 30 ANOS_.pdf
MAG_WL_SUCESSAO_10;F;31;25733.44;;PDF;MAG\SUCESSÃO MULHER\MAG - MULHER - 31 ANOS.pdf
MAG_WL_SUCESSAO_10;F;32;26369.87;;PDF;MAG\SUCESSÃO MULHER\MAG - MULHER - 32 ANOS.pdf
MAG_WL_SUCESSAO_10;F;33;27022.12;;PDF;MAG\SUCESSÃO MULHER\MAG - MULHER - 33 ANOS.pdf
MAG_WL_SUCESSAO_10;F;34;27690.48;;PDF;MAG\SUCESSÃO MULHER\MAG - MULHER - 34 ANOS.pdf
MAG_WL_SUCESSAO_10;F;35;28375.38;;PDF;MAG\SUCESSÃO MULHER\MAG - MULHER - 35 ANOS SUCESSÃO.pdf
MAG_WL_SUCESSAO_10;F;36;29077.17;;PDF;MAG\SUCESSÃO MULHER\MAG - MULHER - 36 ANOS.pdf
MAG_WL_SUCESSAO_10;F;37;29796.09;;PDF;MAG\SUCESSÃO MULHER\MAG - MULHER - 37 ANOS.pdf
MAG_WL_SUCESSAO_10;F;38;30532.48;;PDF;MAG\SUCESSÃO MULHER\MAG - MULHER - 38 ANOS.pdf
MAG_WL_SUCESSAO_10;F;39;31286.61;;PDF;MAG\SUCESSÃO MULHER\MAG - MULHER - 39 ANOS.pdf
MAG_WL_SUCESSAO_10;F;40;32058.85;;PDF;MAG\SUCESSÃO MULHER\MAG - MULHER - 40 ANOS.pdf
MAG_WL_SUCESSAO_10;F;41;32849.54;;PDF;MAG\SUCESSÃO MULHER\MAG - MULHER - 41 ANOS.pdf
MAG_WL_SUCESSAO_10;F;42;33659.14;;PDF;MAG\SUCESSÃO MULHER\MAG - MULHER - 42 ANOS.pdf
MAG_WL_SUCESSAO_10;F;43;34488.09;;PDF;MAG\SUCESSÃO MULHER\MAG - MULHER - 43 ANOS.pdf
MAG_WL_SUCESSAO_10;F;44;35337.00;;PDF;MAG\SUCESSÃO MULHER\MAG - MULHER - 44 ANOS.pdf
MAG_WL_SUCESSAO_10;F;45;36206.31;;PDF;MAG\SUCESSÃO MULHER\MAG - MULHER - 45 ANOS.pdf
MAG_WL_SUCESSAO_10;F;46;37096.61;;PDF;MAG\SUCESSÃO MULHER\MAG - MULHER - 46 ANOS.pdf
MAG_WL_SUCESSAO_10;F;47;38008.51;;PDF;MAG\SUCESSÃO MULHER\MAG - MULHER - 47 ANOS.pdf
MAG_WL_SUCESSAO_10;F;48;38942.42;;PDF;MAG\SUCESSÃO MULHER\MAG - MULHER - 48 ANOS.pdf
MAG_WL_SUCESSAO_10;F;49;39898.84;;PDF;MAG\SUCESSÃO MULHER\MAG - MULHER - 49 ANOS.pdf
MAG_WL_SUCESSAO_10;F;50;40878.30;;PDF;MAG\SUCESSÃO MULHER\MAG - MULHER - 50 ANOS_.pdf
MAG_WL_SUCESSAO_10;F;51;41881.26;;PDF;MAG\SUCESSÃO MULHER\MAG - MULHER - 51 ANOS.pdf
MAG_WL_SUCESSAO_10;F;52;42908.22;;PDF;MAG\SUCESSÃO MULHER\MAG - MULHER - 52 ANOS.pdf
MAG_WL_SUCESSAO_10;F;53;43959.57;;PDF;MAG\SUCESSÃO MULHER\MAG - MULHER - 53 ANOS.pdf
MAG_WL_SUCESSAO_10;F;54;45035.84;;PDF;MAG\SUCESSÃO MULHER\MAG - MULHER - 54 ANOS.pdf
MAG_WL_SUCESSAO_10;F;55;46137.82;;PDF;MAG\SUCESSÃO MULHER\MAG - MULHER - 55 ANOS.pdf
MAG_WL_SUCESSAO_10;F;56;47266.33;;PDF;MAG\SUCESSÃO MULHER\MAG - MULHER - 56 ANOS.pdf
MAG_WL_SUCESSAO_10;F;57;48422.38;;PDF;MAG\SUCESSÃO MULHER\MAG - MULHER - 57 ANOS.pdf
MAG_WL_SUCESSAO_10;F;58;49607.15;;PDF;MAG\SUCESSÃO MULHER\MAG - MULHER - 58 ANOS.pdf
MAG_WL_SUCESSAO_10;F;59;50821.72;;PDF;MAG\SUCESSÃO MULHER\MAG - MULHER - 59 ANOS.pdf
MAG_WL_SUCESSAO_10;F;60;52066.89;;PDF;MAG\SUCESSÃO MULHER\MAG - MULHER - 60 ANOS_.pdf
MAG_WL_SUCESSAO_10;F;61;53343.24;;PDF;MAG\SUCESSÃO MULHER\MAG - MULHER - 61 ANOS.pdf
MAG_WL_SUCESSAO_10;F;62;54651.16;;PDF;MAG\SUCESSÃO MULHER\MAG - MULHER - 62 ANOS.pdf
MAG_WL_SUCESSAO_10;F;63;55990.70;;PDF;MAG\SUCESSÃO MULHER\MAG - MULHER - 63 ANOS.pdf
MAG_WL_SUCESSAO_10;F;64;57362.17;;PDF;MAG\SUCESSÃO MULHER\MAG - MULHER - 64 ANOS.pdf
MAG_WL_SUCESSAO_10;F;65;58766.31;;PDF;MAG\SUCESSÃO MULHER\MAG - MULHER - 65 ANOS.pdf
MAG_WL_SUCESSAO_10;F;66;60204.46;;PDF;MAG\SUCESSÃO MULHER\MAG - MULHER - 66 ANOS.pdf
MAG_WL_SUCESSAO_10;F;67;61678.43;;PDF;MAG\SUCESSÃO MULHER\MAG - MULHER - 67 ANOS.pdf
MAG_WL_SUCESSAO_10;F;68;63190.57;;PDF;MAG\SUCESSÃO MULHER\MAG - MULHER - 68 ANOS.pdf
MAG_WL_SUCESSAO_10;F;69;64743.22;;PDF;MAG\SUCESSÃO MULHER\MAG - MULHER - 69 ANOS.pdf
MAG_WL_SUCESSAO_10;F;70;66338.15;;PDF;MAG\SUCESSÃO MULHER\MAG - MULHER - 70 ANOS_.pdf
MAG_WL_SUCESSAO_10;F;71;67976.65;;PDF;MAG\SUCESSÃO MULHER\MAG - MULHER - 71 ANOS.pdf
MAG_WL_SUCESSAO_10;F;72;69659.43;;PDF;MAG\SUCESSÃO MULHER\MAG - MULHER - 72 ANOS.pdf
MAG_WL_SUCESSAO_10;F;73;71386.67;;PDF;MAG\SUCESSÃO MULHER\MAG - MULHER - 73 ANOS.pdf
MAG_WL_SUCESSAO_10;F;74;73158.88;;PDF;MAG\SUCESSÃO MULHER\MAG - MULHER - 74 ANOS.pdf
MAG_WL_SUCESSAO_10;F;75;74977.26;;PDF;MAG\SUCESSÃO MULHER\MAG - MULHER - 75 ANOS.pdf
MAG_WL_SUCESSAO_10;F;76;76844.04;;PDF;MAG\SUCESSÃO MULHER\MAG - MULHER - 76 ANOS.pdf
MAG_WL_SUCESSAO_10;F;77;78762.41;;PDF;MAG\SUCESSÃO MULHER\MAG - MULHER - 77 ANOS.pdf
MAG_WL_SUCESSAO_10;F;78;80736.39;700000;PDF;MAG\SUCESSÃO MULHER\MAG - MULHER - 78 ANOS LIMITE DE 700K.pdf
MAG_WL_SUCESSAO_10;F;79;82770.16;700000;PDF;MAG\SUCESSÃO MULHER\MAG - MULHER - 79 ANOS.pdf
MAG_WL_SUCESSAO_10;F;80;84867.25;700000;PDF;MAG\SUCESSÃO MULHER\MAG - MULHER - 80 ANOS.pdf
MAG_WL_SUCESSAO_10;M;16;18376.44;;PDF;MAG\SUCESSÃO HOMEM\MAG - HOMEM - 16 ANOS.pdf
MAG_WL_SUCESSAO_10;M;17;18827.12;;PDF;MAG\SUCESSÃO HOMEM\MAG - HOMEM - 17ANOS.pdf
MAG_WL_SUCESSAO_10;M;18;19288.27;;PDF;MAG\SUCESSÃO HOMEM\MAG - HOMEM - 18 ANOS.pdf
MAG_WL_SUCESSAO_10;M;19;19760.34;;PDF;MAG\SUCESSÃO HOMEM\MAG - HOMEM - 19 ANOS.pdf
MAG_WL_SUCESSAO_10;M;20;20243.85;;PDF;MAG\SUCESSÃO HOMEM\MAG - HOMEM - 20 ANOS.pdf
MAG_WL_SUCESSAO_10;M;21;20739.35;;PDF;MAG\SUCESSÃO HOMEM\MAG - HOMEM - 21 ANOS.pdf
MAG_WL_SUCESSAO_10;M;22;21247.26;;PDF;MAG\SUCESSÃO HOMEM\MAG - HOMEM - 22 ANOS.pdf
MAG_WL_SUCESSAO_10;M;23;21768.03;;PDF;MAG\SUCESSÃO HOMEM\MAG - HOMEM - 23 ANOS.pdf
MAG_WL_SUCESSAO_10;M;24;22302.13;;PDF;MAG\SUCESSÃO HOMEM\MAG - HOMEM  - 24 ANOS.pdf
MAG_WL_SUCESSAO_10;M;25;22849.91;;PDF;MAG\SUCESSÃO HOMEM\MAG - HOMEM - 25 ANOS.pdf
MAG_WL_SUCESSAO_10;M;26;23411.78;;PDF;MAG\SUCESSÃO HOMEM\MAG - HOMEM - 26 ANOS.pdf
MAG_WL_SUCESSAO_10;M;27;23987.99;;PDF;MAG\SUCESSÃO HOMEM\MAG - HOMEM - 27 ANOS.pdf
MAG_WL_SUCESSAO_10;M;28;24578.80;;PDF;MAG\SUCESSÃO HOMEM\MAG - HOMEM - 28 ANOS.pdf
MAG_WL_SUCESSAO_10;M;29;25184.59;;PDF;MAG\SUCESSÃO HOMEM\MAG - HOMEM - 29 ANOS.pdf
MAG_WL_SUCESSAO_10;M;30;25805.58;;PDF;MAG\SUCESSÃO HOMEM\MAG - HOMEM - 30 ANOS.pdf
MAG_WL_SUCESSAO_10;M;31;26442.11;;PDF;MAG\SUCESSÃO HOMEM\MAG - HOMEM - 31 ANOS.pdf
MAG_WL_SUCESSAO_10;M;32;27094.48;;PDF;MAG\SUCESSÃO HOMEM\MAG - HOMEM - 32 ANOS.pdf
MAG_WL_SUCESSAO_10;M;33;27762.99;;PDF;MAG\SUCESSÃO HOMEM\MAG - HOMEM - 33 ANOS.pdf
MAG_WL_SUCESSAO_10;M;34;28448.04;;PDF;MAG\SUCESSÃO HOMEM\MAG - HOMEM - 34 ANOS.pdf
MAG_WL_SUCESSAO_10;M;35;29149.94;;PDF;MAG\SUCESSÃO HOMEM\MAG - HOMEM - 35 ANOS.pdf
MAG_WL_SUCESSAO_10;M;36;29869.04;;PDF;MAG\SUCESSÃO HOMEM\MAG - HOMEM - 36 ANOS.pdf
MAG_WL_SUCESSAO_10;M;37;30605.64;;PDF;MAG\SUCESSÃO HOMEM\MAG - HOMEM - 37 ANOS.pdf
MAG_WL_SUCESSAO_10;M;38;31360.08;;PDF;MAG\SUCESSÃO HOMEM\MAG - HOMEM - 38 ANOS.pdf
MAG_WL_SUCESSAO_10;M;39;32132.77;;PDF;MAG\SUCESSÃO HOMEM\MAG - HOMEM - 39 ANOS.pdf
MAG_WL_SUCESSAO_10;M;40;32924.00;;PDF;MAG\SUCESSÃO HOMEM\MAG - HOMEM - 40 ANOS.pdf
MAG_WL_SUCESSAO_10;M;41;33734.15;;PDF;MAG\SUCESSÃO HOMEM\MAG - HOMEM - 41 ANOS.pdf
MAG_WL_SUCESSAO_10;M;42;34563.62;;PDF;MAG\SUCESSÃO HOMEM\MAG - HOMEM - 42 ANOS.pdf
MAG_WL_SUCESSAO_10;M;43;35412.85;;PDF;MAG\SUCESSÃO HOMEM\MAG - HOMEM - 43 ANOS.pdf
MAG_WL_SUCESSAO_10;M;44;36282.29;;PDF;MAG\SUCESSÃO HOMEM\MAG - HOMEM - 44 ANOS.pdf
MAG_WL_SUCESSAO_10;M;45;37172.39;;PDF;MAG\SUCESSÃO HOMEM\MAG - HOMEM - 45 ANOS.pdf
MAG_WL_SUCESSAO_10;M;46;38083.74;;PDF;MAG\SUCESSÃO HOMEM\MAG - HOMEM - 46 ANOS.pdf
MAG_WL_SUCESSAO_10;M;47;39016.82;;PDF;MAG\SUCESSÃO HOMEM\MAG - HOMEM - 47 ANOS.pdf
MAG_WL_SUCESSAO_10;M;48;39972.21;;PDF;MAG\SUCESSÃO HOMEM\MAG - HOMEM - 48 ANOS.pdf
MAG_WL_SUCESSAO_10;M;49;40950.51;;PDF;MAG\SUCESSÃO HOMEM\MAG - HOMEM - 49 ANOS.pdf
MAG_WL_SUCESSAO_10;M;50;41952.16;;PDF;MAG\SUCESSÃO HOMEM\MAG - HOMEM - 50 ANOS_.pdf
MAG_WL_SUCESSAO_10;M;51;42977.69;;PDF;MAG\SUCESSÃO HOMEM\MAG - HOMEM - 51 ANOS.pdf
MAG_WL_SUCESSAO_10;M;52;44027.40;;PDF;MAG\SUCESSÃO HOMEM\MAG - HOMEM - 52 ANOS.pdf
MAG_WL_SUCESSAO_10;M;53;45101.73;;PDF;MAG\SUCESSÃO HOMEM\MAG - HOMEM - 53 ANOS.pdf
MAG_WL_SUCESSAO_10;M;54;46201.02;;PDF;MAG\SUCESSÃO HOMEM\MAG - HOMEM - 54 ANOS.pdf
MAG_WL_SUCESSAO_10;M;55;47325.76;;PDF;MAG\SUCESSÃO HOMEM\MAG - HOMEM - 55 ANOS.pdf
MAG_WL_SUCESSAO_10;M;56;48476.62;;PDF;MAG\SUCESSÃO HOMEM\MAG - HOMEM - 56 ANOS.pdf
MAG_WL_SUCESSAO_10;M;57;49654.35;;PDF;MAG\SUCESSÃO HOMEM\MAG - HOMEM - 57 ANOS.pdf
MAG_WL_SUCESSAO_10;M;58;50859.81;;PDF;MAG\SUCESSÃO HOMEM\MAG - HOMEM - 58 ANOS.pdf
MAG_WL_SUCESSAO_10;M;59;52093.87;;PDF;MAG\SUCESSÃO HOMEM\MAG - HOMEM - 59 ANOS.pdf
MAG_WL_SUCESSAO_10;M;60;53357.29;;PDF;MAG\SUCESSÃO HOMEM\MAG - HOMEM - 60 ANOS_.pdf
MAG_WL_SUCESSAO_10;M;61;54650.69;;PDF;MAG\SUCESSÃO HOMEM\MAG - HOMEM - 61 ANOS.pdf
MAG_WL_SUCESSAO_10;M;62;55974.53;;PDF;MAG\SUCESSÃO HOMEM\MAG - HOMEM - 62 ANOS.pdf
MAG_WL_SUCESSAO_10;M;63;57328.70;;ESTIMADO;interpolacao geometrica 62<->64
MAG_WL_SUCESSAO_10;M;64;58715.64;;PDF;MAG\SUCESSÃO HOMEM\MAG - HOMEM - 64 ANOS.pdf
MAG_WL_SUCESSAO_10;M;65;60134.31;;PDF;MAG\SUCESSÃO HOMEM\MAG - HOMEM - 65 ANOS.pdf
MAG_WL_SUCESSAO_10;M;66;61586.57;;PDF;MAG\SUCESSÃO HOMEM\MAG - HOMEM - 66 ANOS.pdf
MAG_WL_SUCESSAO_10;M;67;63073.93;;PDF;MAG\SUCESSÃO HOMEM\MAG - HOMEM - 67 ANOS.pdf
MAG_WL_SUCESSAO_10;M;68;64598.17;;PDF;MAG\SUCESSÃO HOMEM\MAG - HOMEM - 68 ANOS.pdf
MAG_WL_SUCESSAO_10;M;69;66160.90;;PDF;MAG\SUCESSÃO HOMEM\MAG - HOMEM - 69 ANOS.pdf
MAG_WL_SUCESSAO_10;M;70;67763.31;;PDF;MAG\SUCESSÃO HOMEM\MAG- HOMEM - 70 ANOS.pdf
MAG_WL_SUCESSAO_10;M;71;69406.10;;PDF;MAG\SUCESSÃO HOMEM\MAG - HOMEM - 71 ANOS.pdf
MAG_WL_SUCESSAO_10;M;72;71089.59;;PDF;MAG\SUCESSÃO HOMEM\MAG - HOMEM - 72 ANOS.pdf
MAG_WL_SUCESSAO_10;M;73;72813.77;;PDF;MAG\SUCESSÃO HOMEM\MAG - HOMEM - 73 ANOS.pdf
MAG_WL_SUCESSAO_10;M;74;74578.82;;PDF;MAG\SUCESSÃO HOMEM\MAG - HOMEM - 74 ANOS.pdf
MAG_WL_SUCESSAO_10;M;75;76386.00;;PDF;MAG\SUCESSÃO HOMEM\MAG - HOMEM - 75 ANOS.pdf
MAG_WL_SUCESSAO_10;M;76;78237.66;;PDF;MAG\SUCESSÃO HOMEM\MAG - HOMEM - 76 ANOS.pdf
MAG_WL_SUCESSAO_10;M;77;80137.06;;PDF;MAG\SUCESSÃO HOMEM\MAG - HOMEM - 77 ANOS.pdf
MAG_WL_SUCESSAO_10;M;78;82088.45;700000;PDF;MAG\SUCESSÃO HOMEM\MAG - HOMEM - 78 ANOS LIMITE DE 700K.pdf
MAG_WL_SUCESSAO_10;M;79;84096.08;700000;PDF;MAG\SUCESSÃO HOMEM\MAG - HOMEM - 79 ANOS LIMITE DE 700K.pdf
MAG_WL_SUCESSAO_10;M;80;86163.22;700000;PDF;MAG\SUCESSÃO HOMEM\MAG - HOMEM - 80 ANOS LIMITE DE 700K.pdf
METLIFE_VIDA_TOTAL_10;F;18;24251.26;;PDF;METLIFE\MULHER\METLIFE - MULHER - 18 ANOS.pdf
METLIFE_VIDA_TOTAL_10;F;19;24882.94;;PDF;METLIFE\MULHER\METLIFE - MULHER - 19 ANOS.pdf
METLIFE_VIDA_TOTAL_10;F;20;25530.98;;PDF;METLIFE\MULHER\METLIFE - MULHER - 20 ANOS.pdf
METLIFE_VIDA_TOTAL_10;F;21;26197.21;;PDF;METLIFE\MULHER\METLIFE - MULHER - 21 ANOS.pdf
METLIFE_VIDA_TOTAL_10;F;22;26882.26;;PDF;METLIFE\MULHER\METLIFE - MULHER - 22 ANOS.pdf
METLIFE_VIDA_TOTAL_10;F;23;27588.07;;PDF;METLIFE\MULHER\METLIFE - MULHER - 23 ANOS.pdf
METLIFE_VIDA_TOTAL_10;F;24;28314.12;;PDF;METLIFE\MULHER\METLIFE - MULHER - 24 ANOS.pdf
METLIFE_VIDA_TOTAL_10;F;25;29061.18;;PDF;METLIFE\MULHER\METLIFE - MULHER - 25 ANOS.pdf
METLIFE_VIDA_TOTAL_10;F;26;29833.33;;PDF;METLIFE\MULHER\METLIFE - MULHER - 26 ANOS.pdf
METLIFE_VIDA_TOTAL_10;F;27;30623.73;;PDF;METLIFE\MULHER\METLIFE - MULHER - 27 ANOS.pdf
METLIFE_VIDA_TOTAL_10;F;28;31437.77;;PDF;METLIFE\MULHER\METLIFE - MULHER - 28 ANOS.pdf
METLIFE_VIDA_TOTAL_10;F;29;32275.30;;PDF;METLIFE\MULHER\METLIFE - MULHER - 29 ANOS.pdf
METLIFE_VIDA_TOTAL_10;F;30;33395.91;;PDF;METLIFE\MULHER\METLIFE - MULHER - 30 ANOS.pdf
METLIFE_VIDA_TOTAL_10;F;31;34293.31;;PDF;METLIFE\MULHER\METLIFE - MULHER - 31 ANOS.pdf
METLIFE_VIDA_TOTAL_10;F;32;35213.17;;PDF;METLIFE\MULHER\METLIFE - MULHER - 32 ANOS.pdf
METLIFE_VIDA_TOTAL_10;F;33;36160.63;;PDF;METLIFE\MULHER\METLIFE - MULHER - 33 ANOS.pdf
METLIFE_VIDA_TOTAL_10;F;34;36738.47;;PDF;METLIFE\MULHER\METLIFE - MULHER - 34 ANOS.pdf
METLIFE_VIDA_TOTAL_10;F;35;36928.62;;PDF;METLIFE\MULHER\METLIFE - MULHER - 35 ANOS.pdf
METLIFE_VIDA_TOTAL_10;F;36;37530.80;;PDF;METLIFE\MULHER\METLIFE - MULHER - 36 ANOS.pdf
METLIFE_VIDA_TOTAL_10;F;37;38549.15;;PDF;METLIFE\MULHER\METLIFE - MULHER - 37 ANOS.pdf
METLIFE_VIDA_TOTAL_10;F;38;39592.14;;PDF;METLIFE\MULHER\METLIFE - MULHER - 38 ANOS.pdf
METLIFE_VIDA_TOTAL_10;F;39;40660.12;;PDF;METLIFE\MULHER\METLIFE - MULHER - 39 ANOS.pdf
METLIFE_VIDA_TOTAL_10;F;40;41568.68;;PDF;METLIFE\MULHER\METLIFE - MULHER - 40 ANOS.pdf
METLIFE_VIDA_TOTAL_10;F;41;42680.46;;PDF;METLIFE\MULHER\METLIFE - MULHER - 41 ANOS.pdf
METLIFE_VIDA_TOTAL_10;F;42;43816.02;;PDF;METLIFE\MULHER\METLIFE - MULHER - 42 ANOS.pdf
METLIFE_VIDA_TOTAL_10;F;43;44977.21;;PDF;METLIFE\MULHER\METLIFE - MULHER - 43 ANOS.pdf
METLIFE_VIDA_TOTAL_10;F;44;46166.25;;PDF;METLIFE\MULHER\METLIFE - MULHER - 44 ANOS.pdf
METLIFE_VIDA_TOTAL_10;F;45;47385.68;;PDF;METLIFE\MULHER\METLIFE - MULHER - 45 ANOS.pdf
METLIFE_VIDA_TOTAL_10;F;46;48640.95;;PDF;METLIFE\MULHER\METLIFE - MULHER - 46 ANOS.pdf
METLIFE_VIDA_TOTAL_10;F;47;49923.67;;PDF;METLIFE\MULHER\METLIFE - MULHER - 47 ANOS.pdf
METLIFE_VIDA_TOTAL_10;F;48;51244.88;;PDF;METLIFE\MULHER\METLIFE - MULHER - 48 ANOS.pdf
METLIFE_VIDA_TOTAL_10;F;49;52601.34;;PDF;METLIFE\MULHER\METLIFE - MULHER - 49 ANOS.pdf
METLIFE_VIDA_TOTAL_10;F;50;53206.62;;PDF;METLIFE\MULHER\METLIFE - MULHER - 50 ANOS.pdf
METLIFE_VIDA_TOTAL_10;F;51;54611.54;;PDF;METLIFE\MULHER\METLIFE - MULHER - 51 ANOS.pdf
METLIFE_VIDA_TOTAL_10;F;52;56050.69;;PDF;METLIFE\MULHER\METLIFE - MULHER - 52 ANOS.pdf
METLIFE_VIDA_TOTAL_10;F;53;57522.41;;PDF;METLIFE\MULHER\METLIFE - MULHER - 53 ANOS.pdf
METLIFE_VIDA_TOTAL_10;F;54;59033.16;;PDF;METLIFE\MULHER\METLIFE - MULHER - 54 ANOS.pdf
METLIFE_VIDA_TOTAL_10;F;55;60582.29;;PDF;METLIFE\MULHER\METLIFE - MULHER - 55 ANOS.pdf
METLIFE_VIDA_TOTAL_10;F;56;62173.77;;PDF;METLIFE\MULHER\METLIFE - MULHER - 56 ANOS.pdf
METLIFE_VIDA_TOTAL_10;F;57;63822.94;;PDF;METLIFE\MULHER\METLIFE - MULHER - 57 ANOS.pdf
METLIFE_VIDA_TOTAL_10;F;58;65534.70;;PDF;METLIFE\MULHER\METLIFE - MULHER - 58 ANOS.pdf
METLIFE_VIDA_TOTAL_10;F;59;67320.43;;PDF;METLIFE\MULHER\METLIFE - MULHER - 59 ANOS.pdf
METLIFE_VIDA_TOTAL_10;F;60;68527.74;;PDF;METLIFE\MULHER\METLIFE - MULHER - 60 ANOS.pdf
METLIFE_VIDA_TOTAL_10;F;61;70470.86;;PDF;METLIFE\MULHER\METLIFE - MULHER - 61 ANOS.pdf
METLIFE_VIDA_TOTAL_10;F;62;72495.06;;XLSX;METLIFE/ESTUDOS POR IDADE METLIFE.xlsx#MULHER
METLIFE_VIDA_TOTAL_10;F;63;74604.00;;PDF;METLIFE\MULHER\METLIFE - MULHER - 63 ANOS.pdf
METLIFE_VIDA_TOTAL_10;F;64;76800.98;;PDF;METLIFE\MULHER\METLIFE - MULHER - 64 ANOS.pdf
METLIFE_VIDA_TOTAL_10;F;65;79077.52;;PDF;METLIFE\MULHER\METLIFE - MULHER - 65 ANOS.pdf
METLIFE_VIDA_TOTAL_10;F;66;85265.62;;PDF;METLIFE\MULHER\METLIFE - MULHER - 66 ANOS.pdf
METLIFE_VIDA_TOTAL_10;F;67;87749.17;;PDF;METLIFE\MULHER\METLIFE - MULHER - 67 ANOS.pdf
METLIFE_VIDA_TOTAL_10;F;68;90387.17;;PDF;METLIFE\MULHER\METLIFE - MULHER - 68 ANOS.pdf
METLIFE_VIDA_TOTAL_10;F;69;93234.49;;PDF;METLIFE\MULHER\METLIFE - MULHER - 69 ANOS.pdf
METLIFE_VIDA_TOTAL_10;F;70;92252.08;;PDF;METLIFE\MULHER\METLIFE - MULHER - 70 ANOS.pdf
METLIFE_VIDA_TOTAL_10;F;71;91924.28;;PDF;METLIFE\MULHER\METLIFE - MULHER - 71 ANOS.pdf
METLIFE_VIDA_TOTAL_10;F;72;95307.10;;PDF;METLIFE\MULHER\METLIFE - MULHER - 72 ANOS.pdf
METLIFE_VIDA_TOTAL_10;F;73;98954.75;;PDF;METLIFE\MULHER\METLIFE - MULHER - 73 ANOS.pdf
METLIFE_VIDA_TOTAL_10;F;74;102875.84;;PDF;METLIFE\MULHER\METLIFE - MULHER - 74 ANOS.pdf
METLIFE_VIDA_TOTAL_10;F;75;107092.61;;PDF;METLIFE\MULHER\METLIFE - MULHER - 75 ANOS.pdf
METLIFE_VIDA_TOTAL_10;M;18;27768.28;;PDF;METLIFE\HOMEM_\METLIFE - HOMEM - 18 ANOS.pdf
METLIFE_VIDA_TOTAL_10;M;19;28432.67;;PDF;METLIFE\HOMEM_\METLIFE - HOMEM - 19 ANOS.pdf
METLIFE_VIDA_TOTAL_10;M;20;29112.32;;PDF;METLIFE\HOMEM_\METLIFE - HOMEM - 20 ANOS.pdf
METLIFE_VIDA_TOTAL_10;M;21;29808.11;;PDF;METLIFE\HOMEM_\METLIFE - HOMEM - 21 ANOS.pdf
METLIFE_VIDA_TOTAL_10;M;22;30531.21;;PDF;METLIFE\HOMEM_\METLIFE - HOMEM - 22 ANOS.pdf
METLIFE_VIDA_TOTAL_10;M;23;31280.47;;PDF;METLIFE\HOMEM_\METLIFE - HOMEM - 23 ANOS.pdf
METLIFE_VIDA_TOTAL_10;M;24;32058.23;;PDF;METLIFE\HOMEM_\METLIFE - HOMEM - 24 ANOS.pdf
METLIFE_VIDA_TOTAL_10;M;25;32865.66;;PDF;METLIFE\HOMEM_\METLIFE - HOMEM - 25 ANOS.pdf
METLIFE_VIDA_TOTAL_10;M;26;33705.35;;PDF;METLIFE\HOMEM_\METLIFE - HOMEM - 26 ANOS.pdf
METLIFE_VIDA_TOTAL_10;M;27;34576.15;;PDF;METLIFE\HOMEM_\METLIFE - HOMEM - 27 ANOS.pdf
METLIFE_VIDA_TOTAL_10;M;28;35482.18;;PDF;METLIFE\HOMEM_\METLIFE - HOMEM - 28 ANOS.pdf
METLIFE_VIDA_TOTAL_10;M;29;36415.76;;PDF;METLIFE\HOMEM_\METLIFE - HOMEM - 29 ANOS.pdf
METLIFE_VIDA_TOTAL_10;M;30;37154.78;;PDF;METLIFE\HOMEM_\METLIFE - HOMEM - 30 ANOS.pdf
METLIFE_VIDA_TOTAL_10;M;31;38146.12;;PDF;METLIFE\HOMEM_\METLIFE - HOMEM - 31 ANOS.pdf
METLIFE_VIDA_TOTAL_10;M;32;39168.49;;PDF;METLIFE\HOMEM_\METLIFE - HOMEM - 32 ANOS.pdf
METLIFE_VIDA_TOTAL_10;M;33;40226.85;;PDF;METLIFE\HOMEM_\METLIFE - HOMEM - 33 ANOS.pdf
METLIFE_VIDA_TOTAL_10;M;34;41311.51;;PDF;METLIFE\HOMEM_\METLIFE - HOMEM - 34 ANOS.pdf
METLIFE_VIDA_TOTAL_10;M;35;41966.31;;PDF;METLIFE\HOMEM_\METLIFE - HOMEM - 35 ANOS.pdf
METLIFE_VIDA_TOTAL_10;M;36;42175.55;;PDF;METLIFE\HOMEM_\METLIFE - HOMEM - 36 ANOS.pdf
METLIFE_VIDA_TOTAL_10;M;37;42862.39;;PDF;METLIFE\HOMEM_\METLIFE - HOMEM - 37 ANOS.pdf
METLIFE_VIDA_TOTAL_10;M;38;44027.57;;PDF;METLIFE\HOMEM_\METLIFE - HOMEM - 38 ANOS.pdf
METLIFE_VIDA_TOTAL_10;M;39;45223.73;;PDF;METLIFE\HOMEM_\METLIFE - HOMEM - 39 ANOS.pdf
METLIFE_VIDA_TOTAL_10;M;40;46536.97;;PDF;METLIFE\HOMEM_\METLIFE - HOMEM - 40 ANOS.pdf
METLIFE_VIDA_TOTAL_10;M;41;47798.49;;PDF;METLIFE\HOMEM_\METLIFE - HOMEM - 41 ANOS.pdf
METLIFE_VIDA_TOTAL_10;M;42;49092.45;;PDF;METLIFE\HOMEM_\METLIFE - HOMEM - 42 ANOS.pdf
METLIFE_VIDA_TOTAL_10;M;43;50420.72;;PDF;METLIFE\HOMEM_\METLIFE - HOMEM - 43 ANOS.pdf
METLIFE_VIDA_TOTAL_10;M;44;51789.95;;PDF;METLIFE\HOMEM_\METLIFE - HOMEM - 44 ANOS.pdf
METLIFE_VIDA_TOTAL_10;M;45;53196.42;;PDF;METLIFE\HOMEM_\METLIFE - HOMEM - 45 ANOS.pdf
METLIFE_VIDA_TOTAL_10;M;46;54640.91;;PDF;METLIFE\HOMEM_\METLIFE - HOMEM - 46 ANOS.pdf
METLIFE_VIDA_TOTAL_10;M;47;56125.97;;PDF;METLIFE\HOMEM_\METLIFE - HOMEM - 47 ANOS.pdf
METLIFE_VIDA_TOTAL_10;M;48;57654.77;;PDF;METLIFE\HOMEM_\METLIFE - HOMEM - 48 ANOS.pdf
METLIFE_VIDA_TOTAL_10;M;49;58610.69;;PDF;METLIFE\HOMEM_\METLIFE - HOMEM - 49 ANOS.pdf
METLIFE_VIDA_TOTAL_10;M;50;59695.84;;PDF;METLIFE\HOMEM_\METLIFE - HOMEM - 50 ANOS.pdf
METLIFE_VIDA_TOTAL_10;M;51;61352.27;;PDF;METLIFE\HOMEM_\METLIFE - HOMEM - 51 ANOS.pdf
METLIFE_VIDA_TOTAL_10;M;52;63060.83;;PDF;METLIFE\HOMEM_\METLIFE - HOMEM - 52 ANOS.pdf
METLIFE_VIDA_TOTAL_10;M;53;64822.42;;PDF;METLIFE\HOMEM_\METLIFE - HOMEM - 53 ANOS.pdf
METLIFE_VIDA_TOTAL_10;M;54;66645.02;;PDF;METLIFE\HOMEM_\METLIFE - HOMEM - 54 ANOS.pdf
METLIFE_VIDA_TOTAL_10;M;55;68525.42;;PDF;METLIFE\HOMEM_\METLIFE - HOMEM - 55 ANOS.pdf
METLIFE_VIDA_TOTAL_10;M;56;70474.84;;PDF;METLIFE\HOMEM_\METLIFE - HOMEM - 56 ANOS.pdf
METLIFE_VIDA_TOTAL_10;M;57;72492.76;;PDF;METLIFE\HOMEM_\METLIFE - HOMEM - 57 ANOS.pdf
METLIFE_VIDA_TOTAL_10;M;58;74598.13;;PDF;METLIFE\HOMEM_\METLIFE - HOMEM - 58 ANOS.pdf
METLIFE_VIDA_TOTAL_10;M;59;76798.38;;PDF;METLIFE\HOMEM_\METLIFE - HOMEM - 59 ANOS.pdf
METLIFE_VIDA_TOTAL_10;M;60;77427.98;;PDF;METLIFE\HOMEM_\METLIFE - HOMEM - 60 ANOS.pdf
METLIFE_VIDA_TOTAL_10;M;61;79778.93;;PDF;METLIFE\HOMEM_\METLIFE - HOMEM - 61 ANOS.pdf
METLIFE_VIDA_TOTAL_10;M;62;82255.29;;PDF;METLIFE\HOMEM_\METLIFE - HOMEM - 62 ANOS.pdf
METLIFE_VIDA_TOTAL_10;M;63;84853.71;;PDF;METLIFE\HOMEM_\METLIFE - HOMEM - 63 ANOS.pdf
METLIFE_VIDA_TOTAL_10;M;64;87582.96;;PDF;METLIFE\HOMEM_\METLIFE - HOMEM - 64 ANOS.pdf
METLIFE_VIDA_TOTAL_10;M;65;90467.25;;PDF;METLIFE\HOMEM_\METLIFE - HOMEM - 65 ANOS.pdf
METLIFE_VIDA_TOTAL_10;M;66;99610.41;;PDF;METLIFE\HOMEM_\METLIFE - HOMEM - 66 ANOS.pdf
METLIFE_VIDA_TOTAL_10;M;67;102778.36;;PDF;METLIFE\HOMEM_\METLIFE - HOMEM - 67 ANOS.pdf
METLIFE_VIDA_TOTAL_10;M;68;106157.12;;PDF;METLIFE\HOMEM_\METLIFE - HOMEM - 68 ANOS.pdf
METLIFE_VIDA_TOTAL_10;M;69;110201.06;;PDF;METLIFE\HOMEM_\METLIFE - HOMEM - 69 ANOS.pdf
METLIFE_VIDA_TOTAL_10;M;70;108879.47;;PDF;METLIFE\HOMEM_\METLIFE - HOMEM - 70 ANOS.pdf
METLIFE_VIDA_TOTAL_10;M;71;105959.07;;PDF;METLIFE\HOMEM_\METLIFE - HOMEM - 71 ANOS.pdf
METLIFE_VIDA_TOTAL_10;M;72;110114.57;;PDF;METLIFE\HOMEM_\METLIFE - HOMEM - 72 ANOS.pdf
METLIFE_VIDA_TOTAL_10;M;73;114548.26;;PDF;METLIFE\HOMEM_\METLIFE - HOMEM - 73 ANOS.pdf
METLIFE_VIDA_TOTAL_10;M;74;119261.57;;PDF;METLIFE\HOMEM_\METLIFE - HOMEM - 74 ANOS.pdf
METLIFE_VIDA_TOTAL_10;M;75;124272.79;;PDF;METLIFE\HOMEM_\METLIFE - HOMEM - 75 ANOS.pdf
METLIFE_VIDA_TOTAL_LEGADO_10;F;18;18513.82;;PDF;METLIFE\SUCESSÃO MULHER\METLIFE - MULHER - 18 ANOS.pdf
METLIFE_VIDA_TOTAL_LEGADO_10;F;19;18940.76;;PDF;METLIFE\SUCESSÃO MULHER\METLIFE - MULHER - 19 ANOS.pdf
METLIFE_VIDA_TOTAL_LEGADO_10;F;20;19373.03;;PDF;METLIFE\SUCESSÃO MULHER\METLIFE - MULHER - 20 ANOS.pdf
METLIFE_VIDA_TOTAL_LEGADO_10;F;21;19828.65;;PDF;METLIFE\SUCESSÃO MULHER\METLIFE - MULHER - 21 ANOS.pdf
METLIFE_VIDA_TOTAL_LEGADO_10;F;22;20303.79;;PDF;METLIFE\SUCESSÃO MULHER\METLIFE - MULHER - 22 ANOS.pdf
METLIFE_VIDA_TOTAL_LEGADO_10;F;23;20796.82;;PDF;METLIFE\SUCESSÃO MULHER\METLIFE - MULHER - 23 ANOS.pdf
METLIFE_VIDA_TOTAL_LEGADO_10;F;24;21303.15;;PDF;METLIFE\SUCESSÃO MULHER\METLIFE - MULHER - 24 ANOS.pdf
METLIFE_VIDA_TOTAL_LEGADO_10;F;25;21817.73;;PDF;METLIFE\SUCESSÃO MULHER\METLIFE - MULHER - 25 ANOS.pdf
METLIFE_VIDA_TOTAL_LEGADO_10;F;26;22337.80;;PDF;METLIFE\SUCESSÃO MULHER\METLIFE - MULHER - 26 ANOS.pdf
METLIFE_VIDA_TOTAL_LEGADO_10;F;27;22863.16;;PDF;METLIFE\SUCESSÃO MULHER\METLIFE - MULHER - 27 ANOS.pdf
METLIFE_VIDA_TOTAL_LEGADO_10;F;28;23390.68;;PDF;METLIFE\SUCESSÃO MULHER\METLIFE - MULHER - 28 ANOS.pdf
METLIFE_VIDA_TOTAL_LEGADO_10;F;29;23922.89;;PDF;METLIFE\SUCESSÃO MULHER\METLIFE - MULHER - 29 ANOS.pdf
METLIFE_VIDA_TOTAL_LEGADO_10;F;30;24453.58;;PDF;METLIFE\SUCESSÃO MULHER\METLIFE - MULHER - 30 ANOS.pdf
METLIFE_VIDA_TOTAL_LEGADO_10;F;31;25127.49;;PDF;METLIFE\SUCESSÃO MULHER\METLIFE - MULHER - 31 ANOS.pdf
METLIFE_VIDA_TOTAL_LEGADO_10;F;32;25804.37;;PDF;METLIFE\SUCESSÃO MULHER\METLIFE - MULHER - 32 ANOS.pdf
METLIFE_VIDA_TOTAL_LEGADO_10;F;33;26480.18;;PDF;METLIFE\SUCESSÃO MULHER\METLIFE - MULHER - 33 ANOS.pdf
METLIFE_VIDA_TOTAL_LEGADO_10;F;34;27157.15;;PDF;METLIFE\SUCESSÃO MULHER\METLIFE - MULHER - 34 ANOS.pdf
METLIFE_VIDA_TOTAL_LEGADO_10;F;35;27831.14;;PDF;METLIFE\SUCESSÃO MULHER\METLIFE - MULHER - 35 ANOS.pdf
METLIFE_VIDA_TOTAL_LEGADO_10;F;36;28507.97;;PDF;METLIFE\SUCESSÃO MULHER\METLIFE - MULHER - 36 ANOS.pdf
METLIFE_VIDA_TOTAL_LEGADO_10;F;37;29187.07;;PDF;METLIFE\SUCESSÃO MULHER\METLIFE - MULHER - 37 ANOS.pdf
METLIFE_VIDA_TOTAL_LEGADO_10;F;38;29860.86;;PDF;METLIFE\SUCESSÃO MULHER\METLIFE - MULHER - 38 ANOS.pdf
METLIFE_VIDA_TOTAL_LEGADO_10;F;39;30535.62;;PDF;METLIFE\SUCESSÃO MULHER\METLIFE - MULHER - 39 ANOS.pdf
METLIFE_VIDA_TOTAL_LEGADO_10;F;40;31214.48;;PDF;METLIFE\SUCESSÃO MULHER\METLIFE - MULHER - 40 ANOS.pdf
METLIFE_VIDA_TOTAL_LEGADO_10;F;41;32075.36;;PDF;METLIFE\SUCESSÃO MULHER\METLIFE - MULHER - 41 ANOS.pdf
METLIFE_VIDA_TOTAL_LEGADO_10;F;42;32935.41;;PDF;METLIFE\SUCESSÃO MULHER\METLIFE - MULHER - 42 ANOS.pdf
METLIFE_VIDA_TOTAL_LEGADO_10;F;43;33789.40;;PDF;METLIFE\SUCESSÃO MULHER\METLIFE - MULHER - 43 ANOS.pdf
METLIFE_VIDA_TOTAL_LEGADO_10;F;44;34647.83;;PDF;METLIFE\SUCESSÃO MULHER\METLIFE - MULHER - 44 ANOS.pdf
METLIFE_VIDA_TOTAL_LEGADO_10;F;45;34647.83;;PDF;METLIFE\SUCESSÃO MULHER\METLIFE - MULHER - 45 ANOS.pdf
METLIFE_VIDA_TOTAL_LEGADO_10;F;46;34647.83;;PDF;METLIFE\SUCESSÃO MULHER\METLIFE - MULHER - 46 ANOS.pdf
METLIFE_VIDA_TOTAL_LEGADO_10;F;47;34647.83;;PDF;METLIFE\SUCESSÃO MULHER\METLIFE - MULHER - 47 ANOS.pdf
METLIFE_VIDA_TOTAL_LEGADO_10;F;48;38085.53;;PDF;METLIFE\SUCESSÃO MULHER\METLIFE - MULHER - 48 ANOS.pdf
METLIFE_VIDA_TOTAL_LEGADO_10;F;49;38946.18;;PDF;METLIFE\SUCESSÃO MULHER\METLIFE - MULHER - 49 ANOS.pdf
METLIFE_VIDA_TOTAL_LEGADO_10;F;50;39806.83;;PDF;METLIFE\SUCESSÃO MULHER\METLIFE - MULHER - 50 ANOS.pdf
METLIFE_VIDA_TOTAL_LEGADO_10;F;51;40890.49;;PDF;METLIFE\SUCESSÃO MULHER\METLIFE - MULHER - 51 ANOS.pdf
METLIFE_VIDA_TOTAL_LEGADO_10;F;52;41981.84;;PDF;METLIFE\SUCESSÃO MULHER\METLIFE - MULHER - 52 ANOS.pdf
METLIFE_VIDA_TOTAL_LEGADO_10;F;53;43070.34;;PDF;METLIFE\SUCESSÃO MULHER\METLIFE - MULHER - 53 ANOS.pdf
METLIFE_VIDA_TOTAL_LEGADO_10;F;54;44164.26;;PDF;METLIFE\SUCESSÃO MULHER\METLIFE - MULHER - 54 ANOS.pdf
METLIFE_VIDA_TOTAL_LEGADO_10;F;55;45715.56;;PDF;METLIFE\SUCESSÃO MULHER\METLIFE - MULHER - 55 ANOS.pdf
METLIFE_VIDA_TOTAL_LEGADO_10;F;56;46816.74;;PDF;METLIFE\SUCESSÃO MULHER\METLIFE - MULHER - 56 ANOS.pdf
METLIFE_VIDA_TOTAL_LEGADO_10;F;57;48406.26;;PDF;METLIFE\SUCESSÃO MULHER\METLIFE - MULHER - 57 ANOS.pdf
METLIFE_VIDA_TOTAL_LEGADO_10;F;58;49514.57;;PDF;METLIFE\SUCESSÃO MULHER\METLIFE - MULHER - 58 ANOS.pdf
METLIFE_VIDA_TOTAL_LEGADO_10;F;59;50628.75;;PDF;METLIFE\SUCESSÃO MULHER\METLIFE - MULHER - 59 ANOS.pdf
METLIFE_VIDA_TOTAL_LEGADO_10;F;60;52786.49;;PDF;METLIFE\SUCESSÃO MULHER\METLIFE - MULHER - 60 ANOS.pdf
METLIFE_VIDA_TOTAL_LEGADO_10;F;61;54773.81;;PDF;METLIFE\SUCESSÃO MULHER\METLIFE - MULHER - 61 ANOS.pdf
METLIFE_VIDA_TOTAL_LEGADO_10;F;62;56233.58;;PDF;METLIFE\SUCESSÃO MULHER\METLIFE - MULHER - 62 ANOS.pdf
METLIFE_VIDA_TOTAL_LEGADO_10;F;63;58275.45;;PDF;METLIFE\SUCESSÃO MULHER\METLIFE - MULHER - 63 ANOS.pdf
METLIFE_VIDA_TOTAL_LEGADO_10;F;64;59746.25;;PDF;METLIFE\SUCESSÃO MULHER\METLIFE - MULHER - 64 ANOS.pdf
METLIFE_VIDA_TOTAL_LEGADO_10;F;65;61223.71;;PDF;METLIFE\SUCESSÃO MULHER\METLIFE - MULHER - 65 ANOS.pdf
METLIFE_VIDA_TOTAL_LEGADO_10;F;66;62700.10;;PDF;METLIFE\SUCESSÃO MULHER\METLIFE - MULHER - 66 ANOS.pdf
METLIFE_VIDA_TOTAL_LEGADO_10;F;67;64803.80;;PDF;METLIFE\SUCESSÃO MULHER\METLIFE - MULHER - 67 ANOS.pdf
METLIFE_VIDA_TOTAL_LEGADO_10;F;68;66616.76;;PDF;METLIFE\SUCESSÃO MULHER\METLIFE - MULHER - 68 ANOS.pdf
METLIFE_VIDA_TOTAL_LEGADO_10;F;69;68441.33;;PDF;METLIFE\SUCESSÃO MULHER\METLIFE - MULHER - 69 ANOS.pdf
METLIFE_VIDA_TOTAL_LEGADO_10;F;70;70619.30;;PDF;METLIFE\SUCESSÃO MULHER\METLIFE - MULHER - 70 ANOS.pdf
METLIFE_VIDA_TOTAL_LEGADO_10;M;18;19001.30;;PDF;METLIFE\SUCESSÃO HOMEM_\METLIFE - HOMEM - 18 ANOS.pdf
METLIFE_VIDA_TOTAL_LEGADO_10;M;19;19410.35;;PDF;METLIFE\SUCESSÃO HOMEM_\METLIFE - HOMEM - 19 ANOS.pdf
METLIFE_VIDA_TOTAL_LEGADO_10;M;20;19843.31;;PDF;METLIFE\SUCESSÃO HOMEM_\METLIFE - HOMEM - 20 ANOS.pdf
METLIFE_VIDA_TOTAL_LEGADO_10;M;21;20297.44;;PDF;METLIFE\SUCESSÃO HOMEM_\METLIFE - HOMEM - 21 ANOS.pdf
METLIFE_VIDA_TOTAL_LEGADO_10;M;22;20809.77;;PDF;METLIFE\SUCESSÃO HOMEM_\METLIFE - HOMEM - 22 ANOS.pdf
METLIFE_VIDA_TOTAL_LEGADO_10;M;23;21341.51;;PDF;METLIFE\SUCESSÃO HOMEM_\METLIFE - HOMEM - 23 ANOS.pdf
METLIFE_VIDA_TOTAL_LEGADO_10;M;24;21879.62;;PDF;METLIFE\SUCESSÃO HOMEM_\METLIFE - HOMEM - 24 ANOS.pdf
METLIFE_VIDA_TOTAL_LEGADO_10;M;25;22419.72;;PDF;METLIFE\SUCESSÃO HOMEM_\METLIFE - HOMEM - 25 ANOS.pdf
METLIFE_VIDA_TOTAL_LEGADO_10;M;26;22959.42;;PDF;METLIFE\SUCESSÃO HOMEM_\METLIFE - HOMEM - 26 ANOS.pdf
METLIFE_VIDA_TOTAL_LEGADO_10;M;27;23511.69;;PDF;METLIFE\SUCESSÃO HOMEM_\METLIFE - HOMEM - 27 ANOS.pdf
METLIFE_VIDA_TOTAL_LEGADO_10;M;28;24125.21;;PDF;METLIFE\SUCESSÃO HOMEM_\METLIFE - HOMEM - 28 ANOS.pdf
METLIFE_VIDA_TOTAL_LEGADO_10;M;29;24759.88;;PDF;METLIFE\SUCESSÃO HOMEM_\METLIFE - HOMEM - 29 ANOS.pdf
METLIFE_VIDA_TOTAL_LEGADO_10;M;30;25262.46;;PDF;METLIFE\SUCESSÃO HOMEM_\METLIFE - HOMEM - 30 ANOS.pdf
METLIFE_VIDA_TOTAL_LEGADO_10;M;31;25937.61;;PDF;METLIFE\SUCESSÃO HOMEM_\METLIFE - HOMEM - 31 ANOS.pdf
METLIFE_VIDA_TOTAL_LEGADO_10;M;32;26635.72;;PDF;METLIFE\SUCESSÃO HOMEM_\METLIFE - HOMEM - 32 ANOS.pdf
METLIFE_VIDA_TOTAL_LEGADO_10;M;33;27354.34;;PDF;METLIFE\SUCESSÃO HOMEM_\METLIFE - HOMEM - 33 ANOS.pdf
METLIFE_VIDA_TOTAL_LEGADO_10;M;34;28093.76;;PDF;METLIFE\SUCESSÃO HOMEM_\METLIFE - HOMEM - 34 ANOS.pdf
METLIFE_VIDA_TOTAL_LEGADO_10;M;35;28591.21;;PDF;METLIFE\SUCESSÃO HOMEM_\METLIFE - HOMEM - 35 ANOS.pdf
METLIFE_VIDA_TOTAL_LEGADO_10;M;36;29286.79;;PDF;METLIFE\SUCESSÃO HOMEM_\METLIFE - HOMEM - 36 ANOS.pdf
METLIFE_VIDA_TOTAL_LEGADO_10;M;37;29977.45;;PDF;METLIFE\SUCESSÃO HOMEM_\METLIFE - HOMEM - 37 ANOS.pdf
METLIFE_VIDA_TOTAL_LEGADO_10;M;38;30668.56;;PDF;METLIFE\SUCESSÃO HOMEM_\METLIFE - HOMEM - 38 ANOS.pdf
METLIFE_VIDA_TOTAL_LEGADO_10;M;39;31366.03;;PDF;METLIFE\SUCESSÃO HOMEM_\METLIFE - HOMEM - 39 ANOS.pdf
METLIFE_VIDA_TOTAL_LEGADO_10;M;40;32059.21;;PDF;METLIFE\SUCESSÃO HOMEM_\METLIFE - HOMEM - 40 ANOS.pdf
METLIFE_VIDA_TOTAL_LEGADO_10;M;41;32934.28;;PDF;METLIFE\SUCESSÃO HOMEM_\METLIFE - HOMEM - 41 ANOS.pdf
METLIFE_VIDA_TOTAL_LEGADO_10;M;42;33814.14;;PDF;METLIFE\SUCESSÃO HOMEM_\METLIFE - HOMEM - 42 ANOS.pdf
METLIFE_VIDA_TOTAL_LEGADO_10;M;43;34694.07;;PDF;METLIFE\SUCESSÃO HOMEM_\METLIFE - HOMEM - 43 ANOS.pdf
METLIFE_VIDA_TOTAL_LEGADO_10;M;44;35572.80;;PDF;METLIFE\SUCESSÃO HOMEM_\METLIFE - HOMEM - 44 ANOS.pdf
METLIFE_VIDA_TOTAL_LEGADO_10;M;45;36452.91;;PDF;METLIFE\SUCESSÃO HOMEM_\METLIFE - HOMEM - 45 ANOS.pdf
METLIFE_VIDA_TOTAL_LEGADO_10;M;46;37329.51;;PDF;METLIFE\SUCESSÃO HOMEM_\METLIFE - HOMEM - 46 ANOS.pdf
METLIFE_VIDA_TOTAL_LEGADO_10;M;47;38213.35;;PDF;METLIFE\SUCESSÃO HOMEM_\METLIFE - HOMEM - 47 ANOS.pdf
METLIFE_VIDA_TOTAL_LEGADO_10;M;48;39205.48;;PDF;METLIFE\SUCESSÃO HOMEM_\METLIFE - HOMEM - 48 ANOS.pdf
METLIFE_VIDA_TOTAL_LEGADO_10;M;49;39968.00;;PDF;METLIFE\SUCESSÃO HOMEM_\METLIFE - HOMEM - 49 ANOS.pdf
METLIFE_VIDA_TOTAL_LEGADO_10;M;50;41055.44;;PDF;METLIFE\SUCESSÃO HOMEM_\METLIFE - HOMEM - 50 ANOS.pdf
METLIFE_VIDA_TOTAL_LEGADO_10;M;51;42286.86;;PDF;METLIFE\SUCESSÃO HOMEM_\METLIFE - HOMEM - 51 ANOS.pdf
METLIFE_VIDA_TOTAL_LEGADO_10;M;52;43552.23;;PDF;METLIFE\SUCESSÃO HOMEM_\METLIFE - HOMEM - 52 ANOS.pdf
METLIFE_VIDA_TOTAL_LEGADO_10;M;53;44857.04;;PDF;METLIFE\SUCESSÃO HOMEM_\METLIFE - HOMEM - 53 ANOS.pdf
METLIFE_VIDA_TOTAL_LEGADO_10;M;54;46207.42;;PDF;METLIFE\SUCESSÃO HOMEM_\METLIFE - HOMEM - 54 ANOS.pdf
METLIFE_VIDA_TOTAL_LEGADO_10;M;55;47595.35;;PDF;METLIFE\SUCESSÃO HOMEM_\METLIFE - HOMEM - 55 ANOS.pdf
METLIFE_VIDA_TOTAL_LEGADO_10;M;56;48919.60;;PDF;METLIFE\SUCESSÃO HOMEM_\METLIFE - HOMEM - 56 ANOS.pdf
METLIFE_VIDA_TOTAL_LEGADO_10;M;57;50047.45;;PDF;METLIFE\SUCESSÃO HOMEM_\METLIFE - HOMEM - 57 ANOS.pdf
METLIFE_VIDA_TOTAL_LEGADO_10;M;58;51198.83;;PDF;METLIFE\SUCESSÃO HOMEM_\METLIFE - HOMEM - 58 ANOS.pdf
METLIFE_VIDA_TOTAL_LEGADO_10;M;59;52379.81;;PDF;METLIFE\SUCESSÃO HOMEM_\METLIFE - HOMEM - 59 ANOS.pdf
METLIFE_VIDA_TOTAL_LEGADO_10;M;60;53525.50;;PDF;METLIFE\SUCESSÃO HOMEM_\METLIFE - HOMEM - 60 ANOS.pdf
METLIFE_VIDA_TOTAL_LEGADO_10;M;61;55310.58;;PDF;METLIFE\SUCESSÃO HOMEM_\METLIFE - HOMEM - 61 ANOS.pdf
METLIFE_VIDA_TOTAL_LEGADO_10;M;62;56725.12;;PDF;METLIFE\SUCESSÃO HOMEM_\METLIFE - HOMEM - 62 ANOS.pdf
METLIFE_VIDA_TOTAL_LEGADO_10;M;63;58439.18;;PDF;METLIFE\SUCESSÃO HOMEM_\METLIFE - HOMEM - 63 ANOS.pdf
METLIFE_VIDA_TOTAL_LEGADO_10;M;64;60098.71;;PDF;METLIFE\SUCESSÃO HOMEM_\METLIFE - HOMEM - 64 ANOS.pdf
METLIFE_VIDA_TOTAL_LEGADO_10;M;65;62004.93;;PDF;METLIFE\SUCESSÃO HOMEM_\METLIFE - HOMEM - 65 ANOS.pdf
METLIFE_VIDA_TOTAL_LEGADO_10;M;66;65396.96;;PDF;METLIFE\SUCESSÃO HOMEM_\METLIFE - HOMEM - 66 ANOS.pdf
METLIFE_VIDA_TOTAL_LEGADO_10;M;67;67470.12;;PDF;METLIFE\SUCESSÃO HOMEM_\METLIFE - HOMEM - 67 ANOS.pdf
METLIFE_VIDA_TOTAL_LEGADO_10;M;68;69696.93;;PDF;METLIFE\SUCESSÃO HOMEM_\METLIFE - HOMEM - 68 ANOS.pdf
METLIFE_VIDA_TOTAL_LEGADO_10;M;69;72351.26;;PDF;METLIFE\SUCESSÃO HOMEM_\METLIFE - HOMEM - 69 ANOS.pdf
METLIFE_VIDA_TOTAL_LEGADO_10;M;70;78960.12;;PDF;METLIFE\SUCESSÃO HOMEM_\METLIFE- HOMEM - 70 ANOS.pdf
PRUDENTIAL_VIDA_INTEIRA_10;F;14;21681.40;;PDF;PRUDENTIAL\MULHER\14 ANOS - PRUDENTIAL.pdf
PRUDENTIAL_VIDA_INTEIRA_10;F;15;22253.30;;PDF;PRUDENTIAL\MULHER\15 ANOS - PRUDENTIAL.pdf
PRUDENTIAL_VIDA_INTEIRA_10;F;16;22837.50;;PDF;PRUDENTIAL\MULHER\16 ANOS - PRUDENTIAL.pdf
PRUDENTIAL_VIDA_INTEIRA_10;F;17;23434.50;;PDF;PRUDENTIAL\MULHER\17 ANOS - PRUDENTIAL.pdf
PRUDENTIAL_VIDA_INTEIRA_10;F;18;24045.70;;PDF;PRUDENTIAL\MULHER\18 ANOS - PRUD.pdf
PRUDENTIAL_VIDA_INTEIRA_10;F;19;24671.80;;PDF;PRUDENTIAL\MULHER\19 ANOS - PRUD.pdf
PRUDENTIAL_VIDA_INTEIRA_10;F;20;25314.30;;PDF;PRUDENTIAL\MULHER\20 ANOS - PRUD.pdf
PRUDENTIAL_VIDA_INTEIRA_10;F;21;25973.90;;PDF;PRUDENTIAL\MULHER\21 ANOS - PRUD.pdf
PRUDENTIAL_VIDA_INTEIRA_10;F;22;26652.50;;PDF;PRUDENTIAL\MULHER\22 ANOS - PRUD.pdf
PRUDENTIAL_VIDA_INTEIRA_10;F;23;27350.60;;PDF;PRUDENTIAL\MULHER\23 ANOS - PRUD.pdf
PRUDENTIAL_VIDA_INTEIRA_10;F;24;28069.20;;PDF;PRUDENTIAL\MULHER\24 ANOS - PRUD.pdf
PRUDENTIAL_VIDA_INTEIRA_10;F;25;29439.40;;PDF;PRUDENTIAL\MULHER\25 ANOS - PRUD.pdf
PRUDENTIAL_VIDA_INTEIRA_10;F;26;30216.60;;PDF;PRUDENTIAL\MULHER\26 ANOS - PRUD.pdf
PRUDENTIAL_VIDA_INTEIRA_10;F;27;31015.90;;PDF;PRUDENTIAL\MULHER\27 ANOS - PRUD.pdf
PRUDENTIAL_VIDA_INTEIRA_10;F;28;31837.30;;PDF;PRUDENTIAL\MULHER\28 ANOS - PRUD.pdf
PRUDENTIAL_VIDA_INTEIRA_10;F;29;32681.70;;PDF;PRUDENTIAL\MULHER\29 ANOS - PRUD.pdf
PRUDENTIAL_VIDA_INTEIRA_10;F;30;33550.50;;PDF;PRUDENTIAL\MULHER\30 ANOS - PRUD.pdf
PRUDENTIAL_VIDA_INTEIRA_10;F;31;34443.70;;PDF;PRUDENTIAL\MULHER\31 ANOS - PRUD.pdf
PRUDENTIAL_VIDA_INTEIRA_10;F;32;35362.90;;PDF;PRUDENTIAL\MULHER\32 ANOS - PRUD.pdf
PRUDENTIAL_VIDA_INTEIRA_10;F;33;36309.70;;PDF;PRUDENTIAL\MULHER\33 ANOS - PRUD.pdf
PRUDENTIAL_VIDA_INTEIRA_10;F;34;36680.00;;PDF;PRUDENTIAL\MULHER\34 ANOS - PRUD.pdf
PRUDENTIAL_VIDA_INTEIRA_10;F;35;37066.20;;PDF;PRUDENTIAL\MULHER\35 ANOS - PRUD.pdf
PRUDENTIAL_VIDA_INTEIRA_10;F;36;37466.90;;PDF;PRUDENTIAL\MULHER\36 ANOS - PRUD.pdf
PRUDENTIAL_VIDA_INTEIRA_10;F;37;37918.60;;PDF;PRUDENTIAL\MULHER\37 ANOS - PRUD.pdf
PRUDENTIAL_VIDA_INTEIRA_10;F;38;38934.30;;PDF;PRUDENTIAL\MULHER\38 ANOS - PRUD.pdf
PRUDENTIAL_VIDA_INTEIRA_10;F;39;39971.80;;PDF;PRUDENTIAL\MULHER\39 ANOS - PRUD.pdf
PRUDENTIAL_VIDA_INTEIRA_10;F;40;41030.40;;PDF;PRUDENTIAL\MULHER\40 ANOS - PRUD.pdf
PRUDENTIAL_VIDA_INTEIRA_10;F;41;42109.40;;PDF;PRUDENTIAL\MULHER\41 ANOS - PRUD.pdf
PRUDENTIAL_VIDA_INTEIRA_10;F;42;43209.30;;PDF;PRUDENTIAL\MULHER\42 ANOS - PRUD.pdf
PRUDENTIAL_VIDA_INTEIRA_10;F;43;44330.60;;PDF;PRUDENTIAL\MULHER\43 ANOS - PRUD.pdf
PRUDENTIAL_VIDA_INTEIRA_10;F;44;45476.70;;PDF;PRUDENTIAL\MULHER\44 ANOS - PRUD.pdf
PRUDENTIAL_VIDA_INTEIRA_10;F;45;46647.70;;PDF;PRUDENTIAL\MULHER\45 ANOS - PRUD.pdf
PRUDENTIAL_VIDA_INTEIRA_10;F;46;47846.20;;PDF;PRUDENTIAL\MULHER\46 ANOS - PRUD.pdf
PRUDENTIAL_VIDA_INTEIRA_10;F;47;49074.90;;PDF;PRUDENTIAL\MULHER\47 ANOS - PRUD.pdf
PRUDENTIAL_VIDA_INTEIRA_10;F;48;50333.20;;PDF;PRUDENTIAL\MULHER\48 ANOS - PRUD.pdf
PRUDENTIAL_VIDA_INTEIRA_10;F;49;51621.70;;PDF;PRUDENTIAL\MULHER\49 ANOS - PRUD.pdf
PRUDENTIAL_VIDA_INTEIRA_10;F;50;52940.80;;PDF;PRUDENTIAL\MULHER\50 ANOS - PRUD.pdf
PRUDENTIAL_VIDA_INTEIRA_10;F;51;54289.90;;PDF;PRUDENTIAL\MULHER\51 ANOS - PRUD.pdf
PRUDENTIAL_VIDA_INTEIRA_10;F;52;55669.00;;PDF;PRUDENTIAL\MULHER\52 ANOS - PRUD.pdf
PRUDENTIAL_VIDA_INTEIRA_10;F;53;57076.20;;PDF;PRUDENTIAL\MULHER\53 anos - prud.pdf
PRUDENTIAL_VIDA_INTEIRA_10;F;54;58511.60;;PDF;PRUDENTIAL\MULHER\54 ANOS - PRUD.pdf
PRUDENTIAL_VIDA_INTEIRA_10;F;55;59979.90;;PDF;PRUDENTIAL\MULHER\55 ANOS - PRUD.pdf
PRUDENTIAL_VIDA_INTEIRA_10;F;56;61487.20;;PDF;PRUDENTIAL\MULHER\56 ANOS - PRUD.pdf
PRUDENTIAL_VIDA_INTEIRA_10;F;57;63042.90;;PDF;PRUDENTIAL\MULHER\57 ANOS - PRUD.pdf
PRUDENTIAL_VIDA_INTEIRA_10;F;58;64659.30;;PDF;PRUDENTIAL\MULHER\58 ANOS - PRUD.pdf
PRUDENTIAL_VIDA_INTEIRA_10;F;59;66347.20;;PDF;PRUDENTIAL\MULHER\59 ANOS - PRUD.pdf
PRUDENTIAL_VIDA_INTEIRA_10;F;60;68112.70;;PDF;PRUDENTIAL\MULHER\60 ANOS - PRUD.pdf
PRUDENTIAL_VIDA_INTEIRA_10;F;61;69957.60;;PDF;PRUDENTIAL\MULHER\61 ANOS - PRUD.pdf
PRUDENTIAL_VIDA_INTEIRA_10;F;62;71880.30;;PDF;PRUDENTIAL\MULHER\62 ANOS - PRUD.pdf
PRUDENTIAL_VIDA_INTEIRA_10;F;63;73872.70;;PDF;PRUDENTIAL\MULHER\63 ANOS - PRUD.pdf
PRUDENTIAL_VIDA_INTEIRA_10;F;64;75931.50;;PDF;PRUDENTIAL\MULHER\64 ANOS - PRUD.pdf
PRUDENTIAL_VIDA_INTEIRA_10;F;65;78061.30;;PDF;PRUDENTIAL\MULHER\65 ANOS - PRUD.pdf
PRUDENTIAL_VIDA_INTEIRA_10;F;66;80279.70;;PDF;PRUDENTIAL\MULHER\66 ANOS - PRUD.pdf
PRUDENTIAL_VIDA_INTEIRA_10;F;67;82612.90;;PDF;PRUDENTIAL\MULHER\67 ANOS - PRUD.pdf
PRUDENTIAL_VIDA_INTEIRA_10;F;68;85099.90;;PDF;PRUDENTIAL\MULHER\68 ANOS - PRUD.pdf
PRUDENTIAL_VIDA_INTEIRA_10;F;69;87782.10;;PDF;PRUDENTIAL\MULHER\69 ANOS - PRUD.pdf
PRUDENTIAL_VIDA_INTEIRA_10;F;70;90690.90;;PDF;PRUDENTIAL\MULHER\70 ANOS - PRUD.pdf
PRUDENTIAL_VIDA_INTEIRA_10;F;71;91285.20;;PDF;PRUDENTIAL\MULHER\71 ANOS - PRUDENTIAL.pdf
PRUDENTIAL_VIDA_INTEIRA_10;F;72;97189.10;;PDF;PRUDENTIAL\MULHER\72 ANOS - PRUDENTIAL.pdf
PRUDENTIAL_VIDA_INTEIRA_10;F;73;103595.30;;PDF;PRUDENTIAL\MULHER\73 ANOS - PRUDENTIAL.pdf
PRUDENTIAL_VIDA_INTEIRA_10;F;74;110520.70;;PDF;PRUDENTIAL\MULHER\74 ANOS - PRUDENTIAL.pdf
PRUDENTIAL_VIDA_INTEIRA_10;F;75;117990.10;;PDF;PRUDENTIAL\MULHER\75 ANOS - PRUDENTIAL.pdf
PRUDENTIAL_VIDA_INTEIRA_10;M;14;24868.30;;PDF;PRUDENTIAL\HOMEM\14 ANOS - PRUDENTIAL.pdf
PRUDENTIAL_VIDA_INTEIRA_10;M;15;25506.90;;PDF;PRUDENTIAL\HOMEM\15 ANOS - PRUDENTIAL.pdf
PRUDENTIAL_VIDA_INTEIRA_10;M;16;26145.40;;PDF;PRUDENTIAL\HOMEM\16 ANOS - PRUDENTIAL.pdf
PRUDENTIAL_VIDA_INTEIRA_10;M;17;26784.50;;PDF;PRUDENTIAL\HOMEM\17 ANOS - PRUDENTIAL.pdf
PRUDENTIAL_VIDA_INTEIRA_10;M;18;27428.60;;PDF;PRUDENTIAL\HOMEM\18 ANOS - PRUD.pdf
PRUDENTIAL_VIDA_INTEIRA_10;M;19;28081.10;;PDF;PRUDENTIAL\HOMEM\19 ANOS - PRUD.pdf
PRUDENTIAL_VIDA_INTEIRA_10;M;20;28746.70;;PDF;PRUDENTIAL\HOMEM\20 ANOS - PRUD.pdf
PRUDENTIAL_VIDA_INTEIRA_10;M;21;29430.70;;PDF;PRUDENTIAL\HOMEM\21 ANOS - PRUD.pdf
PRUDENTIAL_VIDA_INTEIRA_10;M;22;30136.00;;PDF;PRUDENTIAL\HOMEM\22 ANOS - PRUD.pdf
PRUDENTIAL_VIDA_INTEIRA_10;M;23;30865.80;;PDF;PRUDENTIAL\HOMEM\23 ANOS - PRUD.pdf
PRUDENTIAL_VIDA_INTEIRA_10;M;24;31623.60;;PDF;PRUDENTIAL\HOMEM\24 ANOS - PRUD.pdf
PRUDENTIAL_VIDA_INTEIRA_10;M;25;32758.50;;PDF;PRUDENTIAL\HOMEM\25 ANOS - PRUD.pdf
PRUDENTIAL_VIDA_INTEIRA_10;M;26;33586.20;;PDF;PRUDENTIAL\HOMEM\26 ANOS - PRUD.pdf
PRUDENTIAL_VIDA_INTEIRA_10;M;27;34445.20;;PDF;PRUDENTIAL\HOMEM\27 ANOS - PRUD.pdf
PRUDENTIAL_VIDA_INTEIRA_10;M;28;35334.80;;PDF;PRUDENTIAL\HOMEM\28 ANOS - PRUD.pdf
PRUDENTIAL_VIDA_INTEIRA_10;M;29;36256.70;;PDF;PRUDENTIAL\HOMEM\29 ANOS - PRUD.pdf
PRUDENTIAL_VIDA_INTEIRA_10;M;30;37209.10;;PDF;PRUDENTIAL\HOMEM\30 ANOS - PRUD.pdf
PRUDENTIAL_VIDA_INTEIRA_10;M;31;38192.50;;PDF;PRUDENTIAL\HOMEM\31 ANOS - PRUD.pdf
PRUDENTIAL_VIDA_INTEIRA_10;M;32;39206.70;;PDF;PRUDENTIAL\HOMEM\32 ANOS - PRUD.pdf
PRUDENTIAL_VIDA_INTEIRA_10;M;33;40251.30;;XLSX;PRUDENTIAL/ESTUDOS POR IDADE PRUDENTIAL .xlsx#HOMEM
PRUDENTIAL_VIDA_INTEIRA_10;M;34;41327.10;;PDF;PRUDENTIAL\HOMEM\34 ANOS - PRUD.pdf
PRUDENTIAL_VIDA_INTEIRA_10;M;35;41762.00;;PDF;PRUDENTIAL\HOMEM\35 ANOS - PRUD.pdf
PRUDENTIAL_VIDA_INTEIRA_10;M;36;42038.90;;PDF;PRUDENTIAL\HOMEM\36 ANOS - PRUD.pdf
PRUDENTIAL_VIDA_INTEIRA_10;M;37;42943.80;;PDF;PRUDENTIAL\HOMEM\37 ANOS - PRUD.pdf
PRUDENTIAL_VIDA_INTEIRA_10;M;38;44094.30;;PDF;PRUDENTIAL\HOMEM\38 ANOS - PRUD.pdf
PRUDENTIAL_VIDA_INTEIRA_10;M;39;45274.00;;PDF;PRUDENTIAL\HOMEM\39 ANOS - PRUD.pdf
PRUDENTIAL_VIDA_INTEIRA_10;M;40;46482.20;;PDF;PRUDENTIAL\HOMEM\40 ANOS - PRUD.pdf
PRUDENTIAL_VIDA_INTEIRA_10;M;41;47718.20;;PDF;PRUDENTIAL\HOMEM\41 ANOS - PRUD.pdf
PRUDENTIAL_VIDA_INTEIRA_10;M;42;48982.60;;PDF;PRUDENTIAL\HOMEM\42 ANOS - PRUD.pdf
PRUDENTIAL_VIDA_INTEIRA_10;M;43;50276.70;;PDF;PRUDENTIAL\HOMEM\43 ANOS - PRUD.pdf
PRUDENTIAL_VIDA_INTEIRA_10;M;44;51600.80;;PDF;PRUDENTIAL\HOMEM\44 ANOS - PRUD.pdf
PRUDENTIAL_VIDA_INTEIRA_10;M;45;52957.00;;PDF;PRUDENTIAL\HOMEM\45 ANOS - PRUD.pdf
PRUDENTIAL_VIDA_INTEIRA_10;M;46;54347.90;;PDF;PRUDENTIAL\HOMEM\46 ANOS - PRUD.pdf
PRUDENTIAL_VIDA_INTEIRA_10;M;47;55775.60;;PDF;PRUDENTIAL\HOMEM\47 ANOS - PRUD.pdf
PRUDENTIAL_VIDA_INTEIRA_10;M;48;57243.80;;PDF;PRUDENTIAL\HOMEM\48 ANOS - PRUD.pdf
PRUDENTIAL_VIDA_INTEIRA_10;M;49;58755.90;;PDF;PRUDENTIAL\HOMEM\49 ANOS - PRUD.pdf
PRUDENTIAL_VIDA_INTEIRA_10;M;50;60313.30;;PDF;PRUDENTIAL\HOMEM\50 ANOS - PRUD.pdf
PRUDENTIAL_VIDA_INTEIRA_10;M;51;61918.20;;PDF;PRUDENTIAL\HOMEM\51 ANOS - PRUD.pdf
PRUDENTIAL_VIDA_INTEIRA_10;M;52;63568.70;;PDF;PRUDENTIAL\HOMEM\52 ANOS - PRUD.pdf
PRUDENTIAL_VIDA_INTEIRA_10;M;53;65266.30;;PDF;PRUDENTIAL\HOMEM\53 ANOS - PRUD.pdf
PRUDENTIAL_VIDA_INTEIRA_10;M;54;67009.70;;PDF;PRUDENTIAL\HOMEM\54 ANOS - PRUD.pdf
PRUDENTIAL_VIDA_INTEIRA_10;M;55;68801.30;;PDF;PRUDENTIAL\HOMEM\55 ANOS - PRUD.pdf
PRUDENTIAL_VIDA_INTEIRA_10;M;56;70645.90;;PDF;PRUDENTIAL\HOMEM\56 ANOS - PRUD.pdf
PRUDENTIAL_VIDA_INTEIRA_10;M;57;72551.30;;PDF;PRUDENTIAL\HOMEM\57 ANOS - PRUD.pdf
PRUDENTIAL_VIDA_INTEIRA_10;M;58;74526.90;;PDF;PRUDENTIAL\HOMEM\58 ANOS - PRUD.pdf
PRUDENTIAL_VIDA_INTEIRA_10;M;59;76582.70;;PDF;PRUDENTIAL\HOMEM\59 ANOS - PRUD.pdf
PRUDENTIAL_VIDA_INTEIRA_10;M;60;78727.30;;PDF;PRUDENTIAL\HOMEM\60 ANOS - PRUD.pdf
PRUDENTIAL_VIDA_INTEIRA_10;M;61;80966.80;;PDF;PRUDENTIAL\HOMEM\61 ANOS - PRUD.pdf
PRUDENTIAL_VIDA_INTEIRA_10;M;62;83304.80;;PDF;PRUDENTIAL\HOMEM\62 ANOS - PRUD.pdf
PRUDENTIAL_VIDA_INTEIRA_10;M;63;85745.80;;PDF;PRUDENTIAL\HOMEM\63 ANOS - PRUD.pdf
PRUDENTIAL_VIDA_INTEIRA_10;M;64;88296.30;;PDF;PRUDENTIAL\HOMEM\64 ANOS - PRUD.pdf
PRUDENTIAL_VIDA_INTEIRA_10;M;65;90967.40;;PDF;PRUDENTIAL\HOMEM\65 ANOS - PRUD.pdf
PRUDENTIAL_VIDA_INTEIRA_10;M;66;93779.70;;PDF;PRUDENTIAL\HOMEM\66 ANOS - PRUD.pdf
PRUDENTIAL_VIDA_INTEIRA_10;M;67;96760.00;;PDF;PRUDENTIAL\HOMEM\67 ANOS - PRUD.pdf
PRUDENTIAL_VIDA_INTEIRA_10;M;68;99942.30;;PDF;PRUDENTIAL\HOMEM\68 ANOS - PRUD.pdf
PRUDENTIAL_VIDA_INTEIRA_10;M;69;103359.60;;PDF;PRUDENTIAL\HOMEM\69 ANOS - PRUD.pdf
PRUDENTIAL_VIDA_INTEIRA_10;M;70;107036.70;;PDF;PRUDENTIAL\HOMEM\70 ANOS - PRUD.pdf
PRUDENTIAL_VIDA_INTEIRA_10;M;71;106631.70;;PDF;PRUDENTIAL\HOMEM\71 ANOS - PRUDENTIAL.pdf
PRUDENTIAL_VIDA_INTEIRA_10;M;72;113117.50;;PDF;PRUDENTIAL\HOMEM\72 ANOS - PRUDENTIAL.pdf
PRUDENTIAL_VIDA_INTEIRA_10;M;73;120038.70;;PDF;PRUDENTIAL\HOMEM\73 ANOS - PRUDENTIAL.pdf
PRUDENTIAL_VIDA_INTEIRA_10;M;74;127388.40;;PDF;PRUDENTIAL\HOMEM\74 ANOS - PRUDENTIAL.pdf
PRUDENTIAL_VIDA_INTEIRA_10;M;75;135173.10;;PDF;PRUDENTIAL\HOMEM\75 ANOS - PRUDENTIAL.pdf
